title,review_point,review_total,sub_category,address,metadata,coordinate,regency,link,contact_number,open_hours,check_in,site,amenities,check_out
Karavea Cliff,5.0,3 reviews,Camping cabin,"8PXQ+67G, Jl. Tj. Karang, Labuan Bajo, Kec. Banawa, Kabupaten Donggala, Sulawesi Tengah 94351 ",,"-0.6519478, 119.7382176",  Donggala,https://www.google.com/maps/place/Karavea+Cliff/data=!4m7!3m6!1s0x2d8bb790421a8e49:0x5140f9d04d2673f7!8m2!3d-0.6519478!4d119.7382176!16s%2Fg%2F11n5bbhwkt!19sChIJSY4aQpC3iy0R93MmTdD5QFE?authuser=0&hl=en&rclk=1,,,,,,
QUEENZI VILLA  KOLAM RENANG,,,Villa,"Ciburial, Cimanggu, Pandeglang Regency, Banten 42284 ",,"-6.722202, 105.6704333", Pandeglang ,https://www.google.com/maps/place/QUEENZI+VILLA+%26+KOLAM+RENANG/data=!4m7!3m6!1s0x2e43afb9732dbe8f:0x83bdee4f001e8eae!8m2!3d-6.722202!4d105.6704333!16s%2Fg%2F11s934xdsj!19sChIJj74tc7mvQy4Rro4eAE_uvYM?authuser=0&hl=en&rclk=1,phone:tel:085624169522, Open 24 hours,,,,
Villa HHASYIM LINGKAR HARJATANI,4.7,6 reviews,Homestay,"X32F+XF6, Harjatani, Kramatwatu, Serang Regency, Banten 42616 ",,"-6.0475895, 106.0736297", Serang ,"https://www.google.com/maps/place/Villa+H.HASYIM+,LINGKAR+HARJATANI/data=!4m7!3m6!1s0x2e418d7febf544e7:0x5fd4de39fccee829!8m2!3d-6.0475895!4d106.0736297!16s%2Fg%2F11fl_2ykv7!19sChIJ50T163-NQS4RKejO_Dne1F8?authuser=0&hl=en&rclk=1",phone:tel:02548370248,,,,,
Natural Cottages,4.0,10 reviews,Hotel,"9P3Q+QJ3, Jl. Karang Ria, Labuan Bajo, Kec. Banawa, Kabupaten Donggala, Sulawesi Tengah 94351 ",,"-0.6456092, 119.7390472",  Donggala,https://www.google.com/maps/place/Natural+Cottages/data=!4m7!3m6!1s0x2d8bb777643c78b1:0x24e058f4d5b1859b!8m2!3d-0.6456092!4d119.7390472!16s%2Fg%2F11f57t0qjj!19sChIJsXg8ZHe3iy0Rm4Wx1fRY4CQ?authuser=0&hl=en&rclk=1,phone:tel:081341471769,,,,,
Rumah Azkadit,,,Villa,"Kampung Cikondang Sawoduren No.Rt 003/10, Cikalong, Kec. Cibitung, Kabupaten Pandeglang, Banten ",,"-6.7482706, 105.6881788",  Pandeglang,https://www.google.com/maps/place/Rumah+Azkadit/data=!4m7!3m6!1s0x2e43ab46ba2eeb9d:0x705ce2eca354229b!8m2!3d-6.7482706!4d105.6881788!16s%2Fg%2F11tnwkvksh!19sChIJnesuukarQy4RmyJUo-ziXHA?authuser=0&hl=en&rclk=1,,,,,,
Villa Komala,,,Hotel,"Kp. Parung Sentul, Sinarmukti, Kec. Baros, Kabupaten Serang, Banten 42173 ",,"-6.219433, 106.1441694",  Serang,https://www.google.com/maps/place/Villa+Komala/data=!4m7!3m6!1s0x2e422162e1a4ce95:0xfdd4aba9de28c4c0!8m2!3d-6.219433!4d106.1441694!16s%2Fg%2F11j3r_gnr9!19sChIJlc6k4WIhQi4RwMQo3qmr1P0?authuser=0&hl=en&rclk=1,,,,,,
Liemijanto Villas,,,Villa,"4R42+JWW, Ginunggung, Galang, Toli-Toli Regency, Central Sulawesi ",,"1.1066012, 120.8023271", Toli-Toli ,https://www.google.com/maps/place/Liemijanto+Villa's/data=!4m7!3m6!1s0x32712dfcc9d0d42f:0xfe9774883bd72631!8m2!3d1.1066012!4d120.8023271!16s%2Fg%2F11t59_p_8m!19sChIJL9TQyfwtcTIRMSbXO4h0l_4?authuser=0&hl=en&rclk=1,,,,,,
villa gogona,,,Lodging,"7M2Q+M7V, Cikalong, Cibitung, Pandeglang Regency, Banten 42285 ",,"-6.7482706, 105.6881788", Pandeglang ,https://www.google.com/maps/place/villa+gogona/data=!4m7!3m6!1s0x2e43abffffffffff:0x663a05b7865f378e!8m2!3d-6.7482706!4d105.6881788!16s%2Fg%2F11fzvvk9l8!19sChIJ______-rQy4RjjdfhrcFOmY?authuser=0&hl=en&rclk=1,phone:tel:083899272416,,,,,
Villa Bukit Cibetik,4.6,25 reviews,Hotel,"V3GM+725, cibetik, Kec. Taktakan, Kota Serang, Banten 42162 ",,"-6.1243555, 106.0826091",  Serang,https://www.google.com/maps/place/Villa+Bukit+Cibetik/data=!4m7!3m6!1s0x2e418b2822891671:0x276eb3f4668997e3!8m2!3d-6.1243555!4d106.0826091!16s%2Fg%2F11f5sr5158!19sChIJcRaJIiiLQS4R45eJZvSzbic?authuser=0&hl=en&rclk=1,,,,,,
Villa Mas Dapalak,4.3,18 reviews,Housing development,"2Q5W+W36, Nalu, Baolan, Toli-Toli Regency, Central Sulawesi 94517 ",,"1.0097936, 120.7951462", Toli-Toli ,https://www.google.com/maps/place/Villa+Mas+Dapalak/data=!4m7!3m6!1s0x3276d39297515141:0x4319638371c2a0c3!8m2!3d1.0097936!4d120.7951462!16s%2Fg%2F11f5q4rhs_!19sChIJQVFRl5LTdjIRw6DCcYNjGUM?authuser=0&hl=en&rclk=1,phone:tel:082259822285,,,,,
SAUNG SARKANI,,,Villa,"6PM3+3CX, Cikadu, Cibitung, Pandeglang Regency, Banten ",,"-6.7672607, 105.7036173", Pandeglang ,https://www.google.com/maps/place/SAUNG+SARKANI/data=!4m7!3m6!1s0x2e43ab1d5ee50e87:0x9b70e66562d11ec5!8m2!3d-6.7672607!4d105.7036173!16s%2Fg%2F11t53xp8_5!19sChIJhw7lXh2rQy4RxR7RYmXmcJs?authuser=0&hl=en&rclk=1,,,,,,
Villa proTOAR,,,Villa,"4QHP+8QR, Pantai, Lalos, Galang, Toli-Toli Regency, Central Sulawesi 94561 ",,"1.1283626, 120.7868789", Toli-Toli ,https://www.google.com/maps/place/Villa+proTOAR/data=!4m7!3m6!1s0x32712ff6a9d6a353:0xef340228596f7de7!8m2!3d1.1283626!4d120.7868789!16s%2Fg%2F11q1llnght!19sChIJU6PWqfYvcTIR531vWSgCNO8?authuser=0&hl=en&rclk=1,, Open 24 hours,,,,
Villa Kongkow Cikeas,5.0,1 review,Lodging,"W4Q6+9GG, Jl. Pejaten Mas 4, Pejaten Mas, Kec. Kramatwatu, Kabupaten Serang, Banten 42616 ",,"-6.0615526, 106.1113179",  Serang,https://www.google.com/maps/place/Villa+Kongkow+Cikeas/data=!4m7!3m6!1s0x2e418d4499ad989b:0xb7a208102ce43a60!8m2!3d-6.0615526!4d106.1113179!16s%2Fg%2F11hz0wyc1g!19sChIJm5itmUSNQS4RYDrkLBAIorc?authuser=0&hl=en&rclk=1,,,,,,
Darrelchito Bungalows,,,Villa,"7J8X+G66, Padasuka, Cimanggu, Pandeglang Regency, Banten 42284 ",,"-6.7337017, 105.6480004", Pandeglang ,https://www.google.com/maps/place/Darrelchito+Bungalows/data=!4m7!3m6!1s0x2e43af303ee63979:0xaae9487f634e18f0!8m2!3d-6.7337017!4d105.6480004!16s%2Fg%2F11qqj00t9f!19sChIJeTnmPjCvQy4R8BhOY39I6ao?authuser=0&hl=en&rclk=1,phone:tel:08111444100,,,,,
Villa Parung Sentul,,,Boarding house,"Kp Parung Sentul, Sinarmukti, Kec. Baros, Kabupaten Serang, Banten 42173 ",,"-6.2194244, 106.1435163",  Serang,https://www.google.com/maps/place/Villa+Parung+Sentul/data=!4m7!3m6!1s0x2e422109c2dd040f:0xa9a85c1a01eb336d!8m2!3d-6.2194244!4d106.1435163!16s%2Fg%2F11j3r_fhx3!19sChIJDwTdwgkhQi4RbTPrARpcqKk?authuser=0&hl=en&rclk=1,,,,,,
Villa Cibeber,3.7,15 reviews,,"7MJ2+5XC, Padasuka, Cimanggu, Pandeglang Regency, Banten 42284 ",,"-6.7195502, 105.6523764", Pandeglang ,https://www.google.com/maps/place/Villa+Cibeber/data=!4m10!3m9!1s0x2e43af6568d6b44f:0xf02763e82cc1d894!5m2!4m1!1i2!8m2!3d-6.7195502!4d105.6523764!16s%2Fg%2F11fltx9y1k!19sChIJT7TWaGWvQy4RlNjBLOhjJ_A?authuser=0&hl=en&rclk=1,phone:tel:081574928326,,,,,
Villa anwar,,,Villa,"Q3RP+FJ4, Pabuaran, Serang Regency, Banten 42163 ",,"-6.2088583, 106.0865754", Serang ,https://www.google.com/maps/place/Villa+anwar/data=!4m7!3m6!1s0x2e42218f1e99e9ef:0x247d32347637e8f5!8m2!3d-6.2088583!4d106.0865754!16s%2Fg%2F11rnn9kx33!19sChIJ7-mZHo8hQi4R9eg3djQyfSQ?authuser=0&hl=en&rclk=1,,,,,,
SekretariatPanwasluKecCimanggu,,,Villa,"7MH5+29Q, Ciburial, Cimanggu, Pandeglang Regency, Banten ",,"-6.7224108, 105.6584854", Pandeglang ,https://www.google.com/maps/place/SekretariatPanwasluKecCimanggu/data=!4m7!3m6!1s0x2e43af6fc0a0d0cf:0x398d9dc43105915a!8m2!3d-6.7224108!4d105.6584854!16s%2Fg%2F11sb6q648h!19sChIJz9CgwG-vQy4RWpEFMcSdjTk?authuser=0&hl=en&rclk=1,,,,,,
Villa garden family,5.0,1 review,Garden,"Rt/Rw 001/006 Jalan Link. Kandang Kurung, Gelam, Kec. Cipocok Jaya, Kota Serang, Banten 42128 ",,"-6.153715, 106.1334317",  Serang,https://www.google.com/maps/place/Villa+garden+family/data=!4m7!3m6!1s0x2e418bc6ba6aa97f:0xcdaba7d4c338380b!8m2!3d-6.153715!4d106.1334317!16s%2Fg%2F11p12k8zhg!19sChIJf6lqusaLQS4RCzg4w9Snq80?authuser=0&hl=en&rclk=1,,,,,,
Rumah Dd Yeni,,,Villa,"Namprak, Mendung, Kec. Cibaliung, Kabupaten Pandeglang, Banten 42285 ",,"-6.7001838, 105.717022",  Pandeglang,https://www.google.com/maps/place/Rumah+Dd+Yeni/data=!4m7!3m6!1s0x2e43ad1b077fe6c3:0x98de37257f38c984!8m2!3d-6.7001838!4d105.717022!16s%2Fg%2F11l97tlsml!19sChIJw-Z_BxutQy4RhMk4fyU33pg?authuser=0&hl=en&rclk=1,,,,,,
villa mugi barokah,5.0,3 reviews,Housing complex,"V52M+5C4, Jl. Mayabon, Banjarsari, Kec. Cipocok Jaya, Kota Serang, Banten 42123 ",,"-6.1496209, 106.1835835",  Serang,https://www.google.com/maps/place/villa+mugi+barokah/data=!4m7!3m6!1s0x2e41f5bc53eb070b:0xecbbecb3b12298fc!8m2!3d-6.1496209!4d106.1835835!16s%2Fg%2F11t42t7q73!19sChIJCwfrU7z1QS4R_JgisbPsu-w?authuser=0&hl=en&rclk=1,,,,,,
SAUNG ABAH MUHTAR,,,Villa,"6PHC+VW, Cikiruh, Cibitung, Pandeglang Regency, Banten 42285 ",,"-6.7702512, 105.7223946", Pandeglang ,https://www.google.com/maps/place/SAUNG+ABAH+MUHTAR/data=!4m7!3m6!1s0x2e43ab7a7e84ea9f:0x897956ff6d7f3284!8m2!3d-6.7702512!4d105.7223946!16s%2Fg%2F11rzffr9x8!19sChIJn-qEfnqrQy4RhDJ_bf9WeYk?authuser=0&hl=en&rclk=1,,,,,,
Villa mandeg,4.0,1 review,Villa,"Q36W+2H5, Koranji, Cadasari, Pandeglang Regency, Banten 42251 ",,"-6.2399805, 106.0964955", Pandeglang ,https://www.google.com/maps/place/Villa+mandeg/data=!4m7!3m6!1s0x2e4221951648ab81:0xbf59cc2e0f2ec7de!8m2!3d-6.2399805!4d106.0964955!16s%2Fg%2F11fwb763b_!19sChIJgatIFpUhQi4R3scuDy7MWb8?authuser=0&hl=en&rclk=1,,. ,,,,
Villa Leo Mandiri Naratama,,,Villa,"9JP9+69, Banyuasih, Cigeulis, Pandeglang Regency, Banten ",,"-6.6137982, 105.6191515", Pandeglang ,https://www.google.com/maps/place/Villa+Leo+Mandiri+Naratama/data=!4m7!3m6!1s0x2e43b162162484b3:0x939b2e8e244c4dcd!8m2!3d-6.6137982!4d105.6191515!16s%2Fg%2F11k52llqp0!19sChIJs4QkFmKxQy4RzU1MJI4um5M?authuser=0&hl=en&rclk=1,,,,,,
Villa Ceu Ihah,,,Condominium complex,"Komp.Taman Graha Asri Blok GM17 No.8, Serang, Kec. Serang, Kota Serang, Banten 42116 ",,"-6.1375596, 106.1585199",  Serang,https://www.google.com/maps/place/Villa+Ceu+Ihah/data=!4m7!3m6!1s0x2e41f568397e143b:0xfd81ee2c1a34c820!8m2!3d-6.1375596!4d106.1585199!16s%2Fg%2F11rd99dc4n!19sChIJOxR-OWj1QS4RIMg0Gizugf0?authuser=0&hl=en&rclk=1,,,,,,
KBon Panghegar,3.0,1 review,Villa,"Raya Ujung Kulon, Padasuka, Kec. Cimanggu, Kabupaten Pandeglang, Banten 42284 ",,"-6.7094315, 105.6476994",  Pandeglang,https://www.google.com/maps/place/K'Bon+Panghegar/data=!4m7!3m6!1s0x2e43afbd15960e45:0xce161d1b8ba4ac7b!8m2!3d-6.7094315!4d105.6476994!16s%2Fg%2F11n0yg4wbp!19sChIJRQ6WFb2vQy4Re6ykixsdFs4?authuser=0&hl=en&rclk=1,phone:tel:08111444100, Open 24 hours,Identifies as women-owned,,,
Kantor Pemasaran Villa Panenjo Asri,5.0,7 reviews,Marketing agency,"Jl. Tb. Suwandi Lingkar Sealatan Batokbali Ciracas (Samping Perum Bukit, Permai / Citraland, Depan Sari Cibubur, Ciracas Kota Jakarta Timur, Serang, Kec. Serang, Kota Serang, Banten 13720 ",,"-6.126864, 106.1420937",  Serang,https://www.google.com/maps/place/Kantor+Pemasaran+Villa+Panenjo+Asri/data=!4m7!3m6!1s0x2e418b44576ec65d:0x8e17b3e68f3e556d!8m2!3d-6.126864!4d106.1420937!16s%2Fg%2F11j8kjc366!19sChIJXcZuV0SLQS4RbVU-j-azF44?authuser=0&hl=en&rclk=1,phone:tel:087808254441, 8:30 AM to 5 PM,,,,
Green Villa,4.3,25 reviews,Hotel,"9J33+Q2X, Tangkilsari, Cimanggu, Pandeglang Regency, Banten 42284 ",,"-6.645501, 105.6026006", Pandeglang ,https://www.google.com/maps/place/Green+Villa/data=!4m7!3m6!1s0x2e43b07304e0943d:0x9cdd8ee74a674498!8m2!3d-6.645501!4d105.6026006!16s%2Fg%2F11c20fdrm5!19sChIJPZTgBHOwQy4RmERnSueO3Zw?authuser=0&hl=en&rclk=1,phone:tel:087774133353,,,,,
Villa Dewinta,5.0,1 review,Boarding house,"X35P+728, Villa permata hijau. Cluster saphire No, RW.5, Serdang, Kec. Kramatwatu, Kabupaten Serang, Banten 42616 ",,"-6.0418462, 106.0850884",  Serang,https://www.google.com/maps/place/Villa+Dewinta/data=!4m7!3m6!1s0x2e418dd31b2ee75d:0xb21c1949ca97d23e!8m2!3d-6.0418462!4d106.0850884!16s%2Fg%2F11gywkll0j!19sChIJXecuG9ONQS4RPtKXykkZHLI?authuser=0&hl=en&rclk=1,phone:tel:0817717648,,,,,
Griya Vanya,5.0,2 reviews,Villa,"Kertajaya, Sumur, Pandeglang Regency, Banten 42283 ",,"-6.6835032, 105.5719728", Pandeglang ,https://www.google.com/maps/place/Griya+Vanya/data=!4m7!3m6!1s0x2e43a5f334c4d85b:0x1be7574ec06f470!8m2!3d-6.6835032!4d105.5719728!16s%2Fg%2F11p67mrs18!19sChIJW9jENPOlQy4RcPQG7HR1vgE?authuser=0&hl=en&rclk=1,,,,,,
villa ngawi ,,,Playground,"V498+F3X, Kuranji, Taktakan, Serang City, Banten 42162 ",,"-6.131274, 106.114622", Serang ,https://www.google.com/maps/place/villa+ngawi+%E2%9C%8B%F0%9F%98%85%F0%9F%A4%9A/data=!4m7!3m6!1s0x2e418b40d760de75:0x337ede82713cd905!8m2!3d-6.131274!4d106.114622!16s%2Fg%2F11tjv0j2bp!19sChIJdd5g10CLQS4RBdk8cYLefjM?authuser=0&hl=en&rclk=1,,,,,,
Villa Cary,5.0,1 review,Villa,"7G59+8GJ, Kp. Sawah, Cigorondong, Sumur, Pandeglang Regency, Banten 42283 ",,"-6.741652, 105.518757", Pandeglang ,https://www.google.com/maps/place/Villa+Cary/data=!4m7!3m6!1s0x2e43a5f3faebb53b:0xf67a6865eaf52b94!8m2!3d-6.741652!4d105.518757!16s%2Fg%2F11jsy98kqh!19sChIJO7Xr-vOlQy4RlCv16mVoevY?authuser=0&hl=en&rclk=1,,,,,,
Villa Karsiah,3.7,3 reviews,Hotel,"Jl. Gurait, Melati, Kec. Waringinkurung, Kabupaten Serang, Banten 42453 ",,"-6.079954, 106.05655",  Serang,https://www.google.com/maps/place/Villa+Karsiah/data=!4m7!3m6!1s0x2e41898347ca3a8d:0xd603af9973a2ef4a!8m2!3d-6.079954!4d106.05655!16s%2Fg%2F11h2hpjk2j!19sChIJjTrKR4OJQS4RSu-ic5mvA9Y?authuser=0&hl=en&rclk=1,,,,,,
Red House Beach Villa,4.3,29 reviews,Hotel,"8H89+H5C, Jl. Taman Nasional Ujung Kulon, Kertamukti, Kec. Sumur, Kabupaten Pandeglang, Banten 42283 ",,"-6.6835542, 105.5678832",  Pandeglang,https://www.google.com/maps/place/Red+House+Beach+Villa/data=!4m7!3m6!1s0x2e43a539470bce4f:0xb162750c099bac8!8m2!3d-6.6835542!4d105.5678832!16s%2Fg%2F11c2lq83wx!19sChIJT84LRzmlQy4RyLqZwFAnFgs?authuser=0&hl=en&rclk=1,phone:tel:08128395500,,,,,
Fulls Villa,5.0,1 review,Lodging,"W4C5+65J, Jl komplek sankyu, Lebakwana, Kec. Kramatwatu, Kabupaten Serang, Banten 42616 ",,"-6.079409, 106.107902",  Serang,https://www.google.com/maps/place/Full's+Villa/data=!4m7!3m6!1s0x2e418bcacac4a287:0x99a4b727ac672c9!8m2!3d-6.079409!4d106.107902!16s%2Fg%2F11fjtx2jfb!19sChIJh6LEysqLQS4RyXLGenJLmgk?authuser=0&hl=en&rclk=1,phone:tel:08176585314,,,,,
Villa  pemancingan MToha,5.0,3 reviews,Pond fish supplier,"Kp cimuncang, Sudimanik, Kec. Cibaliung, Kabupaten Pandeglang, Banten 42285 ",,"-6.7448649, 105.7255346",  Pandeglang,https://www.google.com/maps/place/Villa+%26+pemancingan+M.Toha/data=!4m7!3m6!1s0x2e43add839abddcb:0xda739994faf4b4ce!8m2!3d-6.7448649!4d105.7255346!16s%2Fg%2F11spsxh2d7!19sChIJy92rOditQy4RzrT0-pSZc9o?authuser=0&hl=en&rclk=1,phone:tel:085694030876,,,,,
KENANS VILLA KITA,5.0,1 review,Playground,"R5VG+49M, Cilaku, Curug, Serang City, Banten 42171 ",,"-6.1572035, 106.176534", Serang ,https://www.google.com/maps/place/KENAN'S+VILLA+(KITA)/data=!4m7!3m6!1s0x2e421fa0000fcf6d:0x464895d811eed0a!8m2!3d-6.1572035!4d106.176534!16s%2Fg%2F11jsp43nj4!19sChIJbc8PAKAfQi4RCu0egV2JZAQ?authuser=0&hl=en&rclk=1,,,,,,
Vila abh Mulya,,,Villa,"5QC5+23M, Kutakarang, Cibitung, Pandeglang Regency, Banten ",,"-6.8299135, 105.7576869", Pandeglang ,https://www.google.com/maps/place/Vila+abh+Mulya/data=!4m7!3m6!1s0x2e43019e9fe742d9:0x186e8411bd17efdc!8m2!3d-6.8299135!4d105.7576869!16s%2Fg%2F11tcqzgh0m!19sChIJ2ULnn54BQy4R3O8XvRGEbhg?authuser=0&hl=en&rclk=1,,,,,,
Villa Baros,4.4,13 reviews,Shopping mall,"Q4R3+M52, Unnamed Road,, Cisalam, Kec. Baros, Kabupaten Serang, Banten 42173 ",,"-6.2083518, 106.1028814",  Serang,https://www.google.com/maps/place/Villa+Baros/data=!4m7!3m6!1s0x2e4221059838f6c9:0x49e792ad866d0f83!8m2!3d-6.2083518!4d106.1028814!16s%2Fg%2F11c2nmnr1v!19sChIJyfY4mAUhQi4Rgw9thq2S50k?authuser=0&hl=en&rclk=1,, 8 AM to 4 PM,,,,
Sindang Bagja Villa,,,Villa,"CJJ9+H52, kp kalapa koneng, Banyuasih, Cigeulis, Pandeglang Regency, Banten 42282 ",,"-6.5676253, 105.6174274", Pandeglang ,https://www.google.com/maps/place/Sindang+Bagja+Villa/data=!4m7!3m6!1s0x2e43b7d9bd32eb41:0x78c5200b50b93f93!8m2!3d-6.5676253!4d105.6174274!16s%2Fg%2F11sb5dpywq!19sChIJQesyvdm3Qy4Rkz-5UAsgxXg?authuser=0&hl=en&rclk=1,,,,,,
Villa Kedaung,5.0,1 review,Boarding house,"Jl Kedawung gang, Taman Baru, Kec. Citangkil, Kabupaten Pringsewu, Banten 42446 ",,"-6.0265737, 106.0386751",  Pringsewu,https://www.google.com/maps/place/Villa+Kedaung/data=!4m7!3m6!1s0x2e418ff50f2ab9a7:0xd734db1bd053149e!8m2!3d-6.0265737!4d106.0386751!16s%2Fg%2F11jn2ymbbv!19sChIJp7kqD_WPQS4RnhRT0BvbNNc?authuser=0&hl=en&rclk=1,phone:tel:083812529210,,,,,
Saung Abah Kaldam,5.0,1 review,Villa,"5QV8+VM5, Cikiruh, Cibitung, Pandeglang Regency, Banten 42285 ",,"-6.8053734, 105.7667481", Pandeglang ,https://www.google.com/maps/place/Saung+Abah+Kaldam/data=!4m7!3m6!1s0x2e43ab972ed65949:0x7d8046b2005f3631!8m2!3d-6.8053734!4d105.7667481!16s%2Fg%2F11s4_294b2!19sChIJSVnWLperQy4RMTZfALJGgH0?authuser=0&hl=en&rclk=1,, Open 24 hours,,,,
Villa Aqilla,,,Lodging,"R6VC+QJC, Jl. Ciruas - Petir, Walantaka, Kec. Walantaka, Kota Serang, Banten 42183 ",,"-6.15557, 106.221512",  Serang,https://www.google.com/maps/place/Villa+Aqilla/data=!4m7!3m6!1s0x2e421fac093553d3:0x61f83c34f77a6558!8m2!3d-6.15557!4d106.221512!16s%2Fg%2F11qn12fj75!19sChIJ01M1CawfQi4RWGV69zQ8-GE?authuser=0&hl=en&rclk=1,,,,,,
Fila Abah Sarhedi,,,Villa,"5P79+9FR, Kiarajangkung, Cibitung, Pandeglang Regency, Banten 42285 ",,"-6.8365168, 105.7186286", Pandeglang ,https://www.google.com/maps/place/Fila+Abah+Sarhedi/data=!4m7!3m6!1s0x2e43012d3e1bd3d1:0xff3efb398e4d6104!8m2!3d-6.8365168!4d105.7186286!16s%2Fg%2F11rzfgczb9!19sChIJ0dMbPi0BQy4RBGFNjjn7Pv8?authuser=0&hl=en&rclk=1,,,,,,
Villa Orange,,,Villa,"RX2V+JGP, Cipayung, Padarincang, Serang Regency, Banten 42168 ",,"-6.1983861, 105.9938493", Serang ,https://www.google.com/maps/place/Villa+Orange/data=!4m7!3m6!1s0x2e422789c94068d1:0x6212458728698b8a!8m2!3d-6.1983861!4d105.9938493!16s%2Fg%2F11tk6hjkpg!19sChIJ0WhAyYknQi4RiotpKIdFEmI?authuser=0&hl=en&rclk=1,,,,,,
Mess Penjaga Pintu Bendung,,,Villa,"6QXV+CW, Parungkokosan, Cikeusik, Pandeglang Regency, Banten 42286 ",,"-6.7514503, 105.7948634", Pandeglang ,https://www.google.com/maps/place/Mess+Penjaga+Pintu+Bendung/data=!4m7!3m6!1s0x2e42552466ba3c29:0x3ae0d3c32c08e246!8m2!3d-6.7514503!4d105.7948634!16s%2Fg%2F11rvd1tv_j!19sChIJKTy6ZiRVQi4RRuIILMPT4Do?authuser=0&hl=en&rclk=1,,,,,,
Villa Kayu Pak Dede,,,Country house,"Jl. KH. Said No.62, Panyirapan, Kec. Baros, Kabupaten Serang, Banten 42173 ",,"-6.2351451, 106.1189788",  Serang,https://www.google.com/maps/place/Villa+Kayu+Pak+Dede/data=!4m7!3m6!1s0x2e42213c3d75b061:0xeb889efad0f24297!8m2!3d-6.2351451!4d106.1189788!16s%2Fg%2F11p7915y7h!19sChIJYbB1PTwhQi4Rl0Ly0PqeiOs?authuser=0&hl=en&rclk=1,,,,,,
Rhino Villas,3.8,4 reviews,Hotel,"Kertajaya, Sumur, Pandeglang Regency, Banten 42283 ",,"-6.661655, 105.577797", Pandeglang ,https://www.google.com/maps/place/Rhino+Villas/data=!4m7!3m6!1s0x2e43bab12412ead3:0x2668163e7f8cf901!8m2!3d-6.661655!4d105.577797!16s%2Fg%2F1pzpj0jr9!19sChIJ0-oSJLG6Qy4RAfmMfz4WaCY?authuser=0&hl=en&rclk=1,,,,,,
Villa TUGU,,,Housing complex,"Jl. Cianjur No.2, Banjarsari, Kec. Cipocok Jaya, Kota Serang, Banten 42123 ",,"-6.1528329, 106.1815086",  Serang,https://www.google.com/maps/place/Villa+TUGU/data=!4m7!3m6!1s0x2e41f53242048b3d:0x2958e3e2d819e0a5!8m2!3d-6.1528329!4d106.1815086!16s%2Fg%2F11s657j5d3!19sChIJPYsEQjL1QS4RpeAZ2OLjWCk?authuser=0&hl=en&rclk=1,,,,,,
Villa Tanjung Lesung,5.0,1 review,Villa,"FMQG+89X, Jl. Raya Tj. Lesung, Tanjungjaya, Kec. Panimbang, Kabupaten Pandeglang, Banten 42281 ",,"-6.5116372, 105.6759704",  Pandeglang,https://www.google.com/maps/place/Villa+Tanjung+Lesung/data=!4m7!3m6!1s0x2e43b759dcc6e9c5:0x107404621e3ed7c7!8m2!3d-6.5116372!4d105.6759704!16s%2Fg%2F11tf6_vvn4!19sChIJxenG3Fm3Qy4Rx9c-HmIEdBA?authuser=0&hl=en&rclk=1,, Open 24 hours,,,,
Villa Permata Hijau Cluster Topaz,4.4,110 reviews,Lodging,"Jalan Bojonegara-Serdang No.8, Kramatwatu, Margatani, Serang, Kabupaten Serang, Banten 42422 ",,"-6.0425996, 106.0860824",  Serang,https://www.google.com/maps/place/Villa+Permata+Hijau+Cluster+Topaz/data=!4m7!3m6!1s0x2e418c3640d82e91:0xe6c082581bae2f9f!8m2!3d-6.0425996!4d106.0860824!16s%2Fg%2F11cm02lzdn!19sChIJkS7YQDaMQS4Rny-uG1iCwOY?authuser=0&hl=en&rclk=1,phone:tel:0877772994489,,,,,
Rumah Toni RS,,,Villa,"9PPF+X92, Ciseureuheun, Cigeulis, Pandeglang Regency, Banten ",,"-6.6126215, 105.7233814", Pandeglang ,https://www.google.com/maps/place/Rumah+Toni+RS/data=!4m7!3m6!1s0x2e43b3d450339e2b:0x55b671d92753462e!8m2!3d-6.6126215!4d105.7233814!16s%2Fg%2F11tf_gm9_f!19sChIJK54zUNSzQy4RLkZTJ9lxtlU?authuser=0&hl=en&rclk=1,,,,,,
Villa azhar,,,Villa,"link, Jl. Sunan Bonang, RT.keracak rt19/RW.04, Batukuda, Kec. Mancak, Kabupaten Serang, Banten 42441 ",,"-6.0434555, 105.9975938",  Serang,https://www.google.com/maps/place/Villa+azhar/data=!4m7!3m6!1s0x2e418f44cff218e7:0x508a46e28d5b5393!8m2!3d-6.0434555!4d105.9975938!16s%2Fg%2F11sw_6w1zz!19sChIJ5xjyz0SPQS4Rk1NbjeJGilA?authuser=0&hl=en&rclk=1,,,,,,
Villa Ujung Kulon,,,Lodge,"Jl. Taman Nasional Ujung Kulon No.Rt.001/001, Tamanjaya, Kec. Sumur, Kabupaten Pandeglang, Banten 42283 ",,"-6.7832778, 105.5045559",  Pandeglang,https://www.google.com/maps/place/Villa+Ujung+Kulon/data=!4m7!3m6!1s0x2e43a7948a48735b:0xd8e1a3284abf9ad1!8m2!3d-6.7832778!4d105.5045559!16s%2Fg%2F11nmmp_clq!19sChIJW3NIipSnQy4R0Zq_Siij4dg?authuser=0&hl=en&rclk=1,phone:tel:082223336187,,,,,
Villa Kaunang,,,Villa,"3268+5G, Mekarsari, Pulomerak, Cilegon, Banten ",,"-5.9395257, 106.0163101",,https://www.google.com/maps/place/Villa+Kaunang/data=!4m7!3m6!1s0x2e4191dda39cffed:0xfc65983f551ffc44!8m2!3d-5.9395257!4d106.0163101!16s%2Fg%2F11tjjkwp8v!19sChIJ7f-co92RQS4RRPwfVT-YZfw?authuser=0&hl=en&rclk=1,,,,,,
veraaaaa,,,Villa,"CQP4+VX8, Sobang, Pandeglang Regency, Banten 42281 ",,"-6.5628057, 105.7574868", Pandeglang ,https://www.google.com/maps/place/veraaaaa/data=!4m7!3m6!1s0x2e43b5c0ddf3ca77:0x7e8a22cae0d437e8!8m2!3d-6.5628057!4d105.7574868!16s%2Fg%2F11k3jmn4xf!19sChIJd8rz3cC1Qy4R6DfU4Moiin4?authuser=0&hl=en&rclk=1,,,,,,
Villa squad,4.8,4 reviews,Cottage,"Q4MG+5QJ, Unnamed Road, Baros, Kec. Baros, Kabupaten Serang, Banten 42173 ",,"-6.2170373, 106.1268846",  Serang,https://www.google.com/maps/place/Villa+squad/data=!4m7!3m6!1s0x2e4221f6b978f767:0xbf36c2055b363901!8m2!3d-6.2170373!4d106.1268846!16s%2Fg%2F11mv3fsg43!19sChIJZ_d4ufYhQi4RATk2WwXCNr8?authuser=0&hl=en&rclk=1,,,,,,
Legon dadap villa,5.0,1 review,Villa,"Jl. Raya Tj. Lesung, Tanjungjaya, Kec. Panimbang, Kabupaten Pandeglang, Banten 42281 ",,"-6.514357, 105.690733",  Pandeglang,https://www.google.com/maps/place/Legon+dadap+villa/data=!4m7!3m6!1s0x2e43b5ea49027823:0x53b1fc1935350b63!8m2!3d-6.514357!4d105.690733!16s%2Fg%2F11mwlsx1k8!19sChIJI3gCSeq1Qy4RYws1NRn8sVM?authuser=0&hl=en&rclk=1,phone:tel:081294630029,,,,,
Villa Gokasi,,,Lodging,"X32C+5M7, Jl. Raya Waringin Kurung, Margatani, Kec. Kramatwatu, Kabupaten Serang, Banten 42453 ",,"-6.0495949, 106.071676",  Serang,https://www.google.com/maps/place/Villa+Gokasi/data=!4m7!3m6!1s0x2e418dd0eba00fad:0x6bc6c9cf4e7fe83!8m2!3d-6.0495949!4d106.071676!16s%2Fg%2F11lgt3l2w6!19sChIJrQ-g69CNQS4Rg_7n9JxsvAY?authuser=0&hl=en&rclk=1,,,,,,
The NAZ Villa  Resort,5.0,3 reviews,Villa,"Jl. Raya Labuan-Panimbang, Tanjungjaya, batu hideung, Kabupaten Pandeglang, Banten ",,"-6.5252409, 105.6287865",  Pandeglang,https://www.google.com/maps/place/The+NAZ+Villa+%26+Resort/data=!4m7!3m6!1s0x2e43b7ea89140b3d:0xc90816d4b6c978cb!8m2!3d-6.5252409!4d105.6287865!16s%2Fg%2F11s5tnn4qm!19sChIJPQsUieq3Qy4Ry3jJttQWCMk?authuser=0&hl=en&rclk=1,phone:tel:085694358212, Open 24 hours,,,,
Villa Cokelat Mancak,4.9,8 reviews,Country house,"Jl. Gunung Tekukur, Angsana, Kec. Mancak, Kabupaten Serang, Banten 42165 ",,"-6.1019136, 106.0123579",  Serang,https://www.google.com/maps/place/Villa+Cokelat+Mancak/data=!4m7!3m6!1s0x2e4188de291cab17:0x54943fa1a99abf8e!8m2!3d-6.1019136!4d106.0123579!16s%2Fg%2F11gh047rfh!19sChIJF6scKd6IQS4Rjr-aqaE_lFQ?authuser=0&hl=en&rclk=1,phone:tel:08111196880,,,https://villacokelat.business.site/?utm_source=gmb&utm_medium=referral,,
Rhino Villa,3.8,51 reviews,Lodging,"8HWP+2PW, Unnamed Road, Sumberjaya, Kec. Sumur, Kabupaten Pandeglang, Banten 42283 ",,"-6.6548906, 105.5868141",  Pandeglang,https://www.google.com/maps/place/Rhino+Villa/data=!4m7!3m6!1s0x2e43baa446dee32d:0x4da40c52bec261e5!8m2!3d-6.6548906!4d105.5868141!16s%2Fg%2F11g8bchqzw!19sChIJLePeRqS6Qy4R5WHCvlIMpE0?authuser=0&hl=en&rclk=1,phone:tel:087772252266,,,,,
Villa andre,,,Villa,"VXXC+PGF, Kp. Pasir Kayang, Pasirwaru, Kec. Mancak, Kabupaten Serang, Banten 42165 ",,"-6.10068, 105.97131",  Serang,https://www.google.com/maps/place/Villa+andre/data=!4m7!3m6!1s0x2e41891a4a60c53d:0xd8c4076ab9f6dd38!8m2!3d-6.10068!4d105.97131!16s%2Fg%2F11nn43v4d_!19sChIJPcVgShqJQS4RON32uWoHxNg?authuser=0&hl=en&rclk=1,,,,,,
Villa Panenjo Asritb Azril,4.1,11 reviews,Non smoking holiday home,"CJ3G+Q2C, Banyuasih, Cigeulis, Pandeglang Regency, Banten 42282 ",,"-6.595567, 105.6250256", Pandeglang ,https://www.google.com/maps/place/Villa+Panenjo+Asri%2Ftb+Azril/data=!4m7!3m6!1s0x2e42211f9e77d9b7:0x6674e2b23f50a053!8m2!3d-6.161034!4d106.1219049!16s%2Fg%2F11j2y4hx2g!19sChIJt9l3nh8hQi4RU6BQP7LidGY?authuser=0&hl=en&rclk=1,phone:tel:08179818084,,,,,
Saung Villa juragan Empang,5.0,1 review,Condominium complex,"5JH6+M8C, Ciguha, Cibadak, Kec. Cimanggu, Kabupaten Pandeglang, Banten ",,"-6.8208012, 105.6107648",  Pandeglang,https://www.google.com/maps/place/Saung+Villa+juragan+Empang/data=!4m7!3m6!1s0x2e43a9d9ed6624b7:0x249310b3c30347e!8m2!3d-6.8208012!4d105.6107648!16s%2Fg%2F11tf895bxx!19sChIJtyRm7dmpQy4RfjQwPAsxSQI?authuser=0&hl=en&rclk=1,phone:tel:081511141641,,,,,
Villa Prima Group,4.0,2 reviews,Lodging,"6G82+9P4, Tamanjaya, Sumur, Pandeglang Regency, Banten 42283 ",,"-6.7841149, 105.5018425", Pandeglang ,https://www.google.com/maps/place/Villa+Prima+Group/data=!4m7!3m6!1s0x2e43a7ae315d0865:0xba6114bcac8d3c76!8m2!3d-6.7841149!4d105.5018425!16s%2Fg%2F11h_y7ptwt!19sChIJZQhdMa6nQy4RdjyNrLwUYbo?authuser=0&hl=en&rclk=1,,,,,,
Vila Bambu Kuning,3.6,8 reviews,Villa,"FMHP+GG4, Tanjungjaya, Panimbang, Pandeglang Regency, Banten 42281 ",,"-6.5212479, 105.6863182", Pandeglang ,https://www.google.com/maps/place/Vila+Bambu+Kuning/data=!4m7!3m6!1s0x2e43b7062f07079b:0xca91b331f3d017fb!8m2!3d-6.5212479!4d105.6863182!16s%2Fg%2F11gj72nzqv!19sChIJmwcHLwa3Qy4R-xfQ8zGzkco?authuser=0&hl=en&rclk=1,, Open 24 hours,,,,
Village Beach Andalas,,,Villa,"FPCM+96C, Mekarsari, Panimbang, Pandeglang Regency, Banten 42281 ",,"-6.5290542, 105.7330279", Pandeglang ,https://www.google.com/maps/place/Village+Beach+Andalas/data=!4m7!3m6!1s0x2e43b551a3928ce3:0x2227361f08e75338!8m2!3d-6.5290542!4d105.7330279!16s%2Fg%2F11pzwv9ds6!19sChIJ44ySo1G1Qy4ROFPnCB82JyI?authuser=0&hl=en&rclk=1,,,,,,
Villa Mandabelle,3.9,40 reviews,,"FMFX+V88, Jl. Raya Tj. Lesung, Citeureup, Kec. Panimbang, Kabupaten Pandeglang, Banten 42281 ",,"-6.5253496, 105.6983342",  Pandeglang,https://www.google.com/maps/place/Villa+Mandabelle/data=!4m10!3m9!1s0x2e43b52771bd1b1b:0xa23c2bd2a50751ae!5m2!4m1!1i2!8m2!3d-6.5253496!4d105.6983342!16s%2Fg%2F11jxc_6t5y!19sChIJGxu9cSe1Qy4RrlEHpdIrPKI?authuser=0&hl=en&rclk=1,,,,, Free Wi-Fi available  |  Free breakfast unavailable  |  Free parking available  |  Outdoor pool available  |  Beach access available  |  Fitness center unavailable ,
Villa Biru Asifa,3.9,7 reviews,Lodge,"FMPH+GQM, Tanjungjaya, Panimbang, Pandeglang Regency, Banten 42281 ",,"-6.5136529, 105.6794341", Pandeglang ,https://www.google.com/maps/place/Villa+Biru+Asifa/data=!4m7!3m6!1s0x2e43b60ef8c9f04d:0x2c3d0a52b14b9026!8m2!3d-6.5136529!4d105.6794341!16s%2Fg%2F11c45w8rb4!19sChIJTfDJ-A62Qy4RJpBLsVIKPSw?authuser=0&hl=en&rclk=1,,,,,,
Villa sasarean,,,Homestay,"FPCV+XC3, Mekarsari, Panimbang, Pandeglang Regency, Banten 42281 ",,"-6.5275561, 105.7437271", Pandeglang ,https://www.google.com/maps/place/Villa+sasarean/data=!4m7!3m6!1s0x2e43b5ddc5bd4a31:0xfb934c39e9809502!8m2!3d-6.5275561!4d105.7437271!16s%2Fg%2F11pztphrxp!19sChIJMUq9xd21Qy4RApWA6TlMk_s?authuser=0&hl=en&rclk=1,,,,,,
VILLA KRUCIT,5.0,3 reviews,Villa,"FMXF+M95, Unnamed Road, Tanjungjaya, Panimbang, Pandeglang Regency, Banten 42281 ",,"-6.5008522, 105.6734994", Pandeglang ,https://www.google.com/maps/place/VILLA+KRUCIT/data=!4m7!3m6!1s0x2e43b795642b9f6d:0x6c6ff067c03ff356!8m2!3d-6.5008522!4d105.6734994!16s%2Fg%2F11h53wrp_d!19sChIJbZ8rZJW3Qy4RVvM_wGfwb2w?authuser=0&hl=en&rclk=1,phone:tel:082310336473, Open 24 hours,,,,
Resort,4.4,687 reviews,,"Jalan Raya Tanjung Lesung RT.02/RW.05 Citeureup, Tanjungjaya, Kec. Panimbang, Kabupaten Pandeglang, Banten 42281 ",,"-6.5043841, 105.6692846",  Pandeglang,https://www.google.com/maps/place/Resort/data=!4m10!3m9!1s0x2e43b60fdf13cc0d:0x368e8737b32ec4bc!5m2!4m1!1i2!8m2!3d-6.5043841!4d105.6692846!16s%2Fg%2F11f1tdzfm4!19sChIJDcwT3w-2Qy4RvMQuszeHjjY?authuser=0&hl=en&rclk=1,phone:tel:085210409889,,,https://www.facebook.com/KampoengNelayanTanjungLesung, Free Wi-Fi available  |  Free parking available  |  Pool unavailable  |  Laundry service available  |  Beach access available  |  Restaurant available  |  Fitness center unavailable ,
Villa bambu hitam cotage,,,Tourist attraction,"5JH6+M8C, Ciguha, Cibadak, Kec. Cimanggu, Kabupaten Pandeglang, Banten ",,"-6.8208012, 105.6107648",  Pandeglang,https://www.google.com/maps/place/Villa+bambu+hitam+cotage/data=!4m7!3m6!1s0x2e43a92830bf7c6f:0x7b281d6021d5be9c!8m2!3d-6.8208012!4d105.6107648!16s%2Fg%2F11sct7cqhp!19sChIJb3y_MCipQy4RnL7VIWAdKHs?authuser=0&hl=en&rclk=1,, 9:09 PM to 12 AM,,,,
Villa 3 Pintu,5.0,2 reviews,Gated community,"5R88+32F, Jl. Raya Mantiung, Tanjungan, Kec. Cikeusik, Kabupaten Pandeglang, Banten 42286 ",,"-6.8348191, 105.81505",  Pandeglang,https://www.google.com/maps/place/Villa+3+Pintu/data=!4m7!3m6!1s0x2e42ffc6ab292213:0xfb845e2883f4e3c7!8m2!3d-6.8348191!4d105.81505!16s%2Fg%2F11j8z5xzx1!19sChIJEyIpq8b_Qi4Rx-P0gyhehPs?authuser=0&hl=en&rclk=1,, 9 AM to 5 PM,,,,
Villa Firman Saepul Bahri,,,Tourist attraction,"5P94+9J8, Unnamed Road, Sindangkerta, Kec. Cibitung, Kabupaten Pandeglang, Banten 42285 ",,"-6.8315793, 105.7065728",  Pandeglang,https://www.google.com/maps/place/Villa+Firman+Saepul+Bahri/data=!4m7!3m6!1s0x2e4301883c00d3f7:0x4b75f7e0ddc8b6ec!8m2!3d-6.8315793!4d105.7065728!16s%2Fg%2F11mxvk71nk!19sChIJ99MAPIgBQy4R7LbI3eD3dUs?authuser=0&hl=en&rclk=1,,,,,,
Penginapan villacottage tanjung lesung,3.7,9 reviews,Villa,"Tanjungjaya, Panimbang, Pandeglang Regency, Banten 42281 ",,"-6.5127963, 105.6773873", Pandeglang ,https://www.google.com/maps/place/Penginapan+villa%2Fcottage+tanjung+lesung/data=!4m7!3m6!1s0x2e43b60fde357231:0x46f1fd5110b5652a!8m2!3d-6.5127963!4d105.6773873!16s%2Fg%2F11gckvpyk0!19sChIJMXI13g-2Qy4RKmW1EFH98UY?authuser=0&hl=en&rclk=1,phone:tel:085210409889, Open 24 hours,,,,
Rumah Pak Shodiq,,,Villa,"5R88+53X, Jl. Raya Mantiung, Tanjungan, Kec. Cikeusik, Kabupaten Pandeglang, Banten 42286 ",,"-6.8346659, 105.8154205",  Pandeglang,https://www.google.com/maps/place/Rumah+Pak+Shodiq/data=!4m7!3m6!1s0x2e42ff190d1e75d7:0x29f8ebd835060e22!8m2!3d-6.8346659!4d105.8154205!16s%2Fg%2F11thlgzlmr!19sChIJ13UeDRn_Qi4RIg4GNdjr-Ck?authuser=0&hl=en&rclk=1,,,,,,
UBAY DAUN,,,Villa,"8HRP+HC8, Sumberjaya, Sumur, Pandeglang Regency, Banten 42283 ",,"-6.6585942, 105.5860753", Pandeglang ,https://www.google.com/maps/place/UBAY+DAUN/data=!4m7!3m6!1s0x2e43bbb02e29fa2d:0x2d837c9788a1ae82!8m2!3d-6.6585942!4d105.5860753!16s%2Fg%2F11rzd82bck!19sChIJLfopLrC7Qy4Rgq6hiJd8gy0?authuser=0&hl=en&rclk=1,,,,,,
Villa Trisakti,4.0,1 review,Tourist attraction,"9JP9+69, Banyuasih, Cigeulis, Pandeglang Regency, Banten ",,"-6.6144867, 105.6184717", Pandeglang ,https://www.google.com/maps/place/Villa+Trisakti/data=!4m7!3m6!1s0x2e43b1fa3defb5b7:0x738cf83cdc712aac!8m2!3d-6.6144867!4d105.6184717!16s%2Fg%2F11tn0r64zh!19sChIJt7XvPfqxQy4RrCpx3Dz4jHM?authuser=0&hl=en&rclk=1,,,,,,
Tom  Elke Ecolodge,,,Villa,"7HX2+M6M, Kp. Garung, Kertamukti, Kec. Sumur, Kabupaten Pandeglang, Banten 42283 ",,"-6.7007988, 105.5505346",  Pandeglang,https://www.google.com/maps/place/Tom+%26+Elke+Ecolodge/data=!4m7!3m6!1s0x2e43a5a0b03a44ef:0x8f80e22beb8520c0!8m2!3d-6.7007988!4d105.5505346!16s%2Fg%2F11qzgcvt64!19sChIJ70Q6sKClQy4RwCCF6yvigI8?authuser=0&hl=en&rclk=1,,,,,,
Rumah Pak Kyai Rodja,,,Villa,"5R88+75H, Tanjungan, Cikeusik, Pandeglang Regency, Banten ",,"-6.8343134, 105.8154816", Pandeglang ,https://www.google.com/maps/place/Rumah+Pak+Kyai+Rodja/data=!4m7!3m6!1s0x2e42ff2fb5d3a3fd:0xfcedc082b3fe69eb!8m2!3d-6.8343134!4d105.8154816!16s%2Fg%2F11thk9bx62!19sChIJ_aPTtS__Qi4R62n-s4LA7fw?authuser=0&hl=en&rclk=1,,,,,,
Guest House Dewan Nadzir,5.0,2 reviews,Villa,"Jl. Raya Mantiung, Tanjungan, Kec. Cikeusik, Kabupaten Pandeglang, Banten 42286 ",,"-6.8350617, 105.8145722",  Pandeglang,https://www.google.com/maps/place/Guest+House+Dewan+Nadzir/data=!4m7!3m6!1s0x2e42ffc703c6d569:0x9b71eeb1155d5b91!8m2!3d-6.8350617!4d105.8145722!16s%2Fg%2F11p14zs3bv!19sChIJadXGA8f_Qi4RkVtdFbHucZs?authuser=0&hl=en&rclk=1,phone:tel:085640540142, Open 24 hours,,,,
Villa Serenity Beach Tanjung Lesung,4.8,55 reviews,,"Jl. Panimbang, Banyuasih, Kec. Cigeulis, Kabupaten Pandeglang, Banten 42282 ",,"-6.5550792, 105.6199967",  Pandeglang,https://www.google.com/maps/place/Villa+Serenity+Beach+Tanjung+Lesung/data=!4m7!3m6!1s0x2e43b74fa1cc3921:0xb6eb6fc12a6f257f!8m2!3d-6.5550792!4d105.6199967!16s%2Fg%2F11n0n3v0m2!19sChIJITnMoU-3Qy4RfyVvKsFv67Y?authuser=0&hl=en&rclk=1,phone:tel:083159623766,,,https://youtu.be/sZywOVEys8M,,
Rumah Pak Kidong,,,Villa,"5R88+F3, Tanjungan, Cikeusik, Pandeglang Regency, Banten ",,"-6.8334336, 105.8145313", Pandeglang ,https://www.google.com/maps/place/Rumah+Pak+Kidong/data=!4m7!3m6!1s0x2e42ff05ad39c17d:0x786eb0f5a2df1cde!8m2!3d-6.8334336!4d105.8145313!16s%2Fg%2F11s9dm59mg!19sChIJfcE5rQX_Qi4R3hzfovWwbng?authuser=0&hl=en&rclk=1,,,,,,
Paket penginapan villa Homestay tanjung lesung,5.0,1 review,Villa,"Bunar, tanjung lesung, Pandeglang Regency, Banten 42281 ",,"-6.505966, 105.6697186", Pandeglang ,https://www.google.com/maps/place/Paket+penginapan+villa+Homestay+tanjung+lesung/data=!4m7!3m6!1s0x2e43b7d764e61c05:0x622b1fcbc7e45e36!8m2!3d-6.505966!4d105.6697186!16s%2Fg%2F11mtb6sqrz!19sChIJBRzmZNe3Qy4RNl7kx8sfK2I?authuser=0&hl=en&rclk=1,phone:tel:081318944755, Open 24 hours,,https://paket-penginapan-villa-homestay-tanjung-lesung.business.site/,,
Villa Cimalajang,4.7,3 reviews,Lodging,"CMMX+743, Tarumanagara, Cigeulis, Pandeglang Regency, Banten 42282 ",,"-6.5668617, 105.6978125", Pandeglang ,https://www.google.com/maps/place/Villa+Cimalajang/data=!4m7!3m6!1s0x2e43b5a13a71e06f:0x24cac40051de82d5!8m2!3d-6.5668617!4d105.6978125!16s%2Fg%2F11mbprwrbz!19sChIJb-BxOqG1Qy4R1YLeUQDEyiQ?authuser=0&hl=en&rclk=1,,,,,,
Villa Ci Biuk Beach,4.5,4 reviews,Country house,"Jl. Raya Tj. Lesung, Citeureup, Kec. Panimbang, Kabupaten Pandeglang, Banten 42281 ",,"-6.5019385, 105.6733472",  Pandeglang,https://www.google.com/maps/place/Villa+Ci+Biuk+Beach/data=!4m7!3m6!1s0x2e43b76cab6b7273:0xd87c241034ec0c37!8m2!3d-6.5019385!4d105.6733472!16s%2Fg%2F11gy450439!19sChIJc3Jrq2y3Qy4RNwzsNBAkfNg?authuser=0&hl=en&rclk=1,phone:tel:085697806476, Open 24 hours,,http://ujangtan.blogspot.com/,,
Pajagan saung paksartib,,,Villa,"5P5X+HPM, Kp. Bunihieum, Kutakarang, Kec. Cibitung, Kabupaten Pandeglang, Banten ",,"-6.8410348, 105.7493024",  Pandeglang,https://www.google.com/maps/place/Pajagan+saung+pak.sartib/data=!4m7!3m6!1s0x2e4301f2c561abab:0x5adf377b42efdf0!8m2!3d-6.8410348!4d105.7493024!16s%2Fg%2F11s539t59r!19sChIJq6thxfIBQy4R8P0utHfzrQU?authuser=0&hl=en&rclk=1,,,,,,
Villa ARYADINATA VIII Sumur Batu Cikeusik,3.3,7 reviews,Vacation home rental agency,"Kp.Sumur batu, Sumur Batu, Kec. Cikeusik, Kabupaten Pandeglang, Banten 42286 ",,"-6.7933701, 105.8571038",  Pandeglang,"https://www.google.com/maps/place/Villa+ARYADINATA+VIII,+Sumur+Batu+Cikeusik/data=!4m7!3m6!1s0x2e42557c56b027cd:0x3a809f1a0784b7d1!8m2!3d-6.7933701!4d105.8571038!16s%2Fg%2F11h22xh7tc!19sChIJzSewVnxVQi4R0beEBxqfgDo?authuser=0&hl=en&rclk=1",,,,,,
DFC Adventure Lodge,4.3,7 reviews,Villa,"6G32+443, Ujungjaya, Sumur, Pandeglang Regency, Banten 42283 ",,"-6.7972355, 105.5002881", Pandeglang ,https://www.google.com/maps/place/DFC+Adventure+Lodge/data=!4m7!3m6!1s0x2e43a12e86803df5:0xb2cd25ea5d876bc5!8m2!3d-6.7972355!4d105.5002881!16s%2Fg%2F11llcvpgf1!19sChIJ9T2Ahi6hQy4RxWuHXeolzbI?authuser=0&hl=en&rclk=1,phone:tel:081284919697, Open 24 hours,,,,
Rumahnya orang senang Rumah passa,,,Villa,"Jl. Raya Sobang No.17, Pangkalan, Kec. Sobang, Kabupaten Pandeglang, Banten 42281 ",,"-6.5550036, 105.7503164",  Pandeglang,https://www.google.com/maps/place/Rumahnya+orang+senang.+Rumah+passa/data=!4m7!3m6!1s0x2e43b5eec4222add:0x52af5984bd1ec0c4!8m2!3d-6.5550036!4d105.7503164!16s%2Fg%2F11jyj9gzjl!19sChIJ3SoixO61Qy4RxMAevYRZr1I?authuser=0&hl=en&rclk=1,,,,,,
Penginapan Bambu kuning tanjung lesung,4.0,6 reviews,Villa,"Tanjungjaya, Tanjung lesung, Pandeglang Regency, Banten 42281 ",,"-6.5219093, 105.6860638", Pandeglang ,https://www.google.com/maps/place/Penginapan+Bambu+kuning+tanjung+lesung/data=!4m7!3m6!1s0x2e43b5387e03b6f5:0xa181f90e1f13f81b!8m2!3d-6.5219093!4d105.6860638!16s%2Fg%2F11rfn9gvj2!19sChIJ9bYDfji1Qy4RG_gTHw75gaE?authuser=0&hl=en&rclk=1,phone:tel:081318944755, Open 24 hours,,https://penginapan-bambu-kuning-tanjung-lesung.business.site/,,
Guru sutarman,,,Villa,"Kp.benger No.003/001, Nanggala, Kec. Cikeusik, Kabupaten Pandeglang, Banten ",,"-6.7348894, 105.8447967",  Pandeglang,https://www.google.com/maps/place/Guru+sutarman/data=!4m7!3m6!1s0x2e4253727c1fdbf3:0x1686ebe61dd9ea24!8m2!3d-6.7348894!4d105.8447967!16s%2Fg%2F11t6zzrz92!19sChIJ89sffHJTQi4RJOrZHebrhhY?authuser=0&hl=en&rclk=1,,,,,,
Villa 8988,4.6,16 reviews,,"8H9C+5G9, Jl. Taman Nasional Ujung Kulon, Kertajaya, Kec. Sumur, Kabupaten Pandeglang, Banten 42283 ",,"-6.6820793, 105.5713492",  Pandeglang,https://www.google.com/maps/place/Villa+8988/data=!4m10!3m9!1s0x2e43a59f8a7b56bb:0x49f7568e73fad286!5m2!4m1!1i2!8m2!3d-6.6820793!4d105.5713492!16s%2Fg%2F11gy5lzh0p!19sChIJu1Z7ip-lQy4RhtL6c45W90k?authuser=0&hl=en&rclk=1,phone:tel:02162203088,,,http://www.8988beachresort.com/, Free Wi-Fi available  |  Free parking available  |  Pool available  |  Laundry service available  |  Beach access available  |  Restaurant available  |  Fitness center unavailable ,
PONDOK PANIISAN NUSANTARA,,,Villa,"6GR6+PG2, Jl. Taman Nasional Ujung Kulon. Kp. Paniis, Tamanjaya, Kec. Sumur, Kabupaten Pandeglang, Banten 42283 ",,"-6.7582288, 105.5112747",  Pandeglang,https://www.google.com/maps/place/PONDOK+PANIISAN+NUSANTARA/data=!4m7!3m6!1s0x2e43a7e3ec5059b9:0xa1dfc1a3aa1df88a!8m2!3d-6.7582288!4d105.5112747!16s%2Fg%2F11s3zn2zmr!19sChIJuVlQ7OOnQy4RivgdqqPB36E?authuser=0&hl=en&rclk=1,, Open 24 hours,,,,
Rumah Ustadz Fauzan,,,Villa,"5R88+53X, Jl. Raya Mantiung, Tanjungan, Kec. Cikeusik, Kabupaten Pandeglang, Banten 42286 ",,"-6.8345438, 105.8153756",  Pandeglang,https://www.google.com/maps/place/Rumah+Ustadz+Fauzan/data=!4m7!3m6!1s0x2e42ffae6833291d:0x54afef949ab6b141!8m2!3d-6.8345438!4d105.8153756!16s%2Fg%2F11thk9rxws!19sChIJHSkzaK7_Qi4RQbG2mpTvr1Q?authuser=0&hl=en&rclk=1,phone:tel:08568113064,,,,,
Pondok Jati,,,Villa,"Jl. Raya Tj. Lesung, Tanjungjaya, Kec. Panimbang, Kabupaten Pandeglang, Banten 42281 ",,"-6.5115286, 105.6763364",  Pandeglang,https://www.google.com/maps/place/Pondok+Jati/data=!4m7!3m6!1s0x2e43b728dcaec801:0x7a1ebc14d348da09!8m2!3d-6.5115286!4d105.6763364!16s%2Fg%2F11n2x0j5bh!19sChIJAciu3Ci3Qy4RCdpI0xS8Hno?authuser=0&hl=en&rclk=1,, Open 24 hours,,,,
Villa Curug Goong,,,Tourist attraction,"9PF2+8C2, Karyabuana, Cigeulis, Pandeglang Regency, Banten ",,"-6.6267295, 105.7010279", Pandeglang ,https://www.google.com/maps/place/Villa+Curug+Goong/data=!4m7!3m6!1s0x2e43b3d718e687fb:0x5299f7ef745ddaea!8m2!3d-6.6267295!4d105.7010279!16s%2Fg%2F11k4lql6np!19sChIJ-4fmGNezQy4R6tpddO_3mVI?authuser=0&hl=en&rclk=1,,,,,,
Ujung Kulon Nirwana Resort,5.0,1 review,Villa,"Kertajaya, Sumur, Pandeglang Regency, Banten ",,"-6.6632057, 105.5737061", Pandeglang ,https://www.google.com/maps/place/Ujung+Kulon+Nirwana+Resort/data=!4m7!3m6!1s0x2e43bbadba29de6b:0x668652f2e61517cd!8m2!3d-6.6632057!4d105.5737061!16s%2Fg%2F11trml187p!19sChIJa94puq27Qy4RzRcV5vJShmY?authuser=0&hl=en&rclk=1,phone:tel:085811464960,,,,,
Villa Puncak Resort Cipanas  Adam,4.4,26 reviews,Resort hotel,"Jalan Villa Puncak Resort, Sukanagalih, Kec. Pacet, Kabupaten Cianjur, Jawa Barat 43253 ",,"-6.7054565, 107.0456813",  Cianjur,https://www.google.com/maps/place/Villa+Puncak+Resort+Cipanas+-+Adam/data=!4m7!3m6!1s0x2e69b22ab7e12dbb:0xd939c946beb9863f!8m2!3d-6.7054565!4d107.0456813!16s%2Fg%2F11d_8z4fh2!19sChIJuy3htyqyaS4RP4a5vkbJOdk?authuser=0&hl=en&rclk=1,phone:tel:081906522540,,,https://adamvillapuncak.id/lokasi/puncak-resort/,,
villa view2,4.3,109 reviews,,"8X92+69H, Puncak Rd, North Tugu, Cisarua, Bogor Regency, West Java 16750 ",,"-6.6819296, 106.9509852", Bogor ,https://www.google.com/maps/place/villa+view2/data=!4m10!3m9!1s0x2e69b65c547c1ff7:0xc4d396297bcc3486!5m2!4m1!1i2!8m2!3d-6.6819296!4d106.9509852!16s%2Fg%2F11f3jmtmpf!19sChIJ9x98VFy2aS4RhjTMeymW08Q?authuser=0&hl=en&rclk=1,phone:tel:082110909440,,,http://villapuncakbooking.com/, Free Wi-Fi available  |  Free breakfast unavailable  |  Free parking available  |  Pool available  |  Air-conditioned available  |  Pet-friendly unavailable  |  Kid-friendly available  |  Airport shuttle available  |  Fitness center unavailable ,
Saung Kiray SadangCIBALIUNG BANTEN,4.3,236 reviews,Lodging,"7MMJ+HF6, Jl. Sumur - Cibaliung, Ciburial, Kec. Cimanggu, Kabupaten Pandeglang, Banten 42284 ",,"-6.7160863, 105.6811545",  Pandeglang,https://www.google.com/maps/place/Saung+Kiray+Sadang.CIBALIUNG+BANTEN/data=!4m7!3m6!1s0x2e43ae90010dcd77:0xfaf5165051620c4b!8m2!3d-6.7160863!4d105.6811545!16s%2Fg%2F11dzw78m2s!19sChIJd80NAZCuQy4RSwxiUVAW9fo?authuser=0&hl=en&rclk=1,phone:tel:0818673263,,,,,
Umang Beach Club Private Island Resort,4.9,29 reviews,,"sumber jaya desa, Sumur, Pandeglang Regency, Banten ",,"-6.643039, 105.581721", Pandeglang ,https://www.google.com/maps/place/Umang+Beach+Club+Private+Island+Resort/data=!4m10!3m9!1s0x2e43ba974d2c0e9b:0xbb0145e034895927!5m2!4m1!1i2!8m2!3d-6.643039!4d105.581721!16s%2Fg%2F11f3vlg4zp!19sChIJmw4sTZe6Qy4RJ1mJNOBFAbs?authuser=0&hl=en&rclk=1,phone:tel:08128395500,,,, Free Wi-Fi available  |  Free parking available  |  Outdoor pool available  |  Laundry service available  |  Beach access available  |  Kid-friendly available  |  Restaurant available  |  Fitness center unavailable ,
RISKI BAROKAH,4.5,12 reviews,Lodge,"6G93+XJ7, Tamanjaya, Sumur, Pandeglang Regency, Banten 42283 ",,"-6.780082, 105.5040519", Pandeglang ,https://www.google.com/maps/place/RISKI+BAROKAH/data=!4m7!3m6!1s0x2e43a6cb87103fe9:0xc21e3e44a72a549e!8m2!3d-6.780082!4d105.5040519!16s%2Fg%2F11hcfr_43x!19sChIJ6T8Qh8umQy4RnlQqp0Q-HsI?authuser=0&hl=en&rclk=1,,,,,,
Villa Yaputra,4.3,16 reviews,,"8XF5+Q22, North Tugu, Cisarua, Bogor Regency, West Java 16750 ",,"-6.675603, 106.9575094", Bogor ,https://www.google.com/maps/place/Villa+Yaputra/data=!4m10!3m9!1s0x2e69b7ddf16c7dad:0xe35a60fdee661b63!5m2!4m1!1i2!8m2!3d-6.675603!4d106.9575094!16s%2Fg%2F11h5833zcc!19sChIJrX1s8d23aS4RYxtm7v1gWuM?authuser=0&hl=en&rclk=1,,,,, Free Wi-Fi available  |  Free breakfast unavailable  |  Free parking available  |  Pool unavailable  |  Fitness center unavailable ,
Villa BaBa,4.8,103 reviews,,"Jl. Taman Safari No.101, Cibeureum, Kec. Cisarua, Kabupaten Bogor, Jawa Barat 16750 ",,"-6.7107024, 106.9484362",  Bogor,https://www.google.com/maps/place/Villa+BaBa./data=!4m10!3m9!1s0x2e69b51ad17a4dc9:0xbed92afcaebd61fe!5m2!4m1!1i2!8m2!3d-6.7107024!4d106.9484362!16s%2Fg%2F11k0mhnhk8!19sChIJyU160Rq1aS4R_mG9rvwq2b4?authuser=0&hl=en&rclk=1,phone:tel:089637067654,,,http://www.thevillas100.com/, Free Wi-Fi available  |  Paid breakfast available  |  Free parking available  |  Outdoor pool available  |  Air-conditioned unavailable  |  Fitness center unavailable ,
Pinus Villa Dago,4.8,19 reviews,,"no 41, Jl. Dago Pakar Permai II, Mekarsaluyu, Kec. Cimenyan, Kabupaten Bandung, Jawa Barat 40135 ",,"-6.8653744, 107.636997",  Bandung,https://www.google.com/maps/place/Pinus+Villa+Dago/data=!4m10!3m9!1s0x2e68e73d87940001:0x63683df3492d3445!5m2!4m1!1i2!8m2!3d-6.8653744!4d107.636997!16s%2Fg%2F11h6g4m_nx!19sChIJAQCUhz3naC4RRTQtSfM9aGM?authuser=0&hl=en&rclk=1,,,,, Free Wi-Fi available  |  Free breakfast unavailable  |  Free parking available  |  Outdoor pool available  |  Fitness center unavailable ,
Manakala Villa,4.8,126 reviews,,"Jalan Bukanagara, Gg. Abahminta, Kayuambon, West Bandung Regency, West Java ",,"-6.8253929, 107.6316409", West Bandung ,https://www.google.com/maps/place/Manakala+Villa/data=!4m10!3m9!1s0x2e68e10b14c8eaff:0xc210752faf635be2!5m2!4m1!1i2!8m2!3d-6.8253929!4d107.6316409!16s%2Fg%2F11h4fj69fs!19sChIJ_-rIFAvhaC4R4ltjry91EMI?authuser=0&hl=en&rclk=1,, 9 AM to 5 PM,,https://manakala-villa.business.site/?utm_source=gmb&utm_medium=referral, Free Wi-Fi available  |  Free breakfast unavailable  |  Free parking available  |  Outdoor pool available  |  Laundry service available  |  Fitness center unavailable ,
Dago Village,4.6,342 reviews,,"Jalan Pakar Timur, Ciburial, Cimenyan, Ciburial, Kec. Cimenyan, Kabupaten Bandung, Jawa Barat 40198 ",,"-6.8550366, 107.6477278",  Bandung,https://www.google.com/maps/place/Dago+Village/data=!4m10!3m9!1s0x2e68e74798aa41af:0xeaa7977c557b06e5!5m2!4m1!1i2!8m2!3d-6.8550366!4d107.6477278!16s%2Fg%2F11xt0_1m_!19sChIJr0GqmEfnaC4R5QZ7VXyXp-o?authuser=0&hl=en&rclk=1,, Open 24 hours,,, Free Wi-Fi available  |  Free parking available  |  Pool available  |  Fitness center unavailable ,
Blue Ocean Tanjung Lesung,4.1,185 reviews,,"FMRF+8FM, Tanjungjaya, Panimbang, Pandeglang Regency, Banten 42281 ",,"-6.5091614, 105.6736707", Pandeglang ,https://www.google.com/maps/place/Blue+Ocean+Tanjung+Lesung/data=!4m10!3m9!1s0x2e43b61af7aa35fd:0x3918e34ade788b31!5m2!4m1!1i2!8m2!3d-6.5091614!4d105.6736707!16s%2Fg%2F11ddx1njld!19sChIJ_TWq9xq2Qy4RMYt43krjGDk?authuser=0&hl=en&rclk=1,phone:tel:081938273950,,,, Free Wi-Fi available  |  Free parking available  |  Pool available  |  Beach access available  |  Kid-friendly available  |  Fitness center unavailable ,
HomeStay RIMBA JAYA,4.4,29 reviews,,"6G83+R49, Jalan Taman Nasional, Ujung Kulon, Kertajaya, Sumur, Pandeglang Regency, Banten 42283 ",,"-6.7829742, 105.5028739", Pandeglang ,https://www.google.com/maps/place/HomeStay+RIMBA+JAYA/data=!4m10!3m9!1s0x2e43a6cd02e280bd:0x5041b735ce879e91!5m2!4m1!1i2!8m2!3d-6.7829742!4d105.5028739!16s%2Fg%2F11c1r6g1nz!19sChIJvYDiAs2mQy4RkZ6HzjW3QVA?authuser=0&hl=en&rclk=1,phone:tel:085782438844,,,, Free Wi-Fi available  |  Free parking available  |  Pool unavailable  |  Fitness center unavailable ,
CIPUTIH Resort,4.3,533 reviews,,"7GXX+FJH National Park, Raya Ujung Kulon, Kertamukti, Kec. Sumur, Kabupaten Pandeglang, Banten 42283 ",,"-6.7013059, 105.5491107",  Pandeglang,https://www.google.com/maps/place/CIPUTIH+Resort/data=!4m10!3m9!1s0x2e43a502cbd1530d:0x30891197fb64e172!5m2!4m1!1i2!8m2!3d-6.7013059!4d105.5491107!16s%2Fg%2F11b6t5sxs7!19sChIJDVPRywKlQy4RcuFk-5cRiTA?authuser=0&hl=en&rclk=1,phone:tel:0218281093,,,, Free Wi-Fi available  |  Free parking available  |  Pool available  |  Laundry service available  |  Beach access available  |  Fitness center unavailable ,
Aryastri Villa,4.8,12 reviews,,"Jl Boston Ivy no 3, Citra Green Dago, Green Hills, Ciumbuleuit, Kec. Cidadap, Kota Bandung, Jawa Barat 40142 ",,"-6.8555526, 107.6193793",  Bandung,https://www.google.com/maps/place/Aryastri+Villa/data=!4m10!3m9!1s0x2e68e7b351fdcb4f:0x1d6aea9e7b5f9be5!5m2!4m1!1i2!8m2!3d-6.8555526!4d107.6193793!16s%2Fg%2F11q41816vt!19sChIJT8v9UbPnaC4R5Ztfe57qah0?authuser=0&hl=en&rclk=1,phone:tel:081395284911, 11 AM to 12 PM,,, Free Wi-Fi available  |  Free breakfast unavailable  |  Free parking available  |  Pool unavailable  |  Restaurant unavailable  |  Fitness center unavailable ,
PENGINAPAN KPC,5.0,2 reviews,,"Jl. Sumur - Cibaliung, Padasuka, Kec. Cimanggu, Kabupaten Pandeglang, Banten 42284 ",,"-6.7110183, 105.64661",  Pandeglang,https://www.google.com/maps/place/PENGINAPAN+KPC/data=!4m10!3m9!1s0x2e43afce4cf7a89f:0x66298a30c882b75f!5m2!4m1!1i2!8m2!3d-6.7110183!4d105.64661!16s%2Fg%2F11sfhb5yt7!19sChIJn6j3TM6vQy4RX7eCyDCKKWY?authuser=0&hl=en&rclk=1,phone:tel:081574805800,,,, Free Wi-Fi available  |  Free breakfast unavailable  |  Free parking available  |  Pool unavailable  |  Fitness center unavailable ,
Faris Homestay,3.7,17 reviews,,"Tanjungjaya, Panimbang, Pandeglang Regency, Banten 42281 ",,"-6.5128434, 105.6769902", Pandeglang ,https://www.google.com/maps/place/Faris+Homestay/data=!4m10!3m9!1s0x2e43b60fd082c72b:0xcddc8c004a91eb74!5m2!4m1!1i2!8m2!3d-6.5128434!4d105.6769902!16s%2Fg%2F11d_cqzf6n!19sChIJK8eC0A-2Qy4RdOuRSgCM3M0?authuser=0&hl=en&rclk=1,phone:tel:087882755747,,,, Free Wi-Fi available  |  Free parking available  |  Pool available  |  Beach access available  |  Fitness center unavailable ,
Ponpes Almunawar Gadog,4.3,8 reviews,Cottage,"6MVW+6F3, Unnamed Road, Cikadu, Kec. Cibitung, Kabupaten Pandeglang, Banten 42285 ",,"-6.7569789, 105.6961842",  Pandeglang,https://www.google.com/maps/place/Ponpes+Almunawar+Gadog/data=!4m7!3m6!1s0x2e43ab4ad41b0571:0x6e8e1f3132a2dee6!8m2!3d-6.7569789!4d105.6961842!16s%2Fg%2F11g1tjq79l!19sChIJcQUb1EqrQy4R5t6iMjEfjm4?authuser=0&hl=en&rclk=1,phone:tel:085814950158,,,,,
Asoka Resort Ketapang Banten,4.3,222 reviews,,"FMFW+W4C, Citeureup, Panimbang, Pandeglang Regency, Banten 42281 ",,"-6.5248965, 105.6942708", Pandeglang ,https://www.google.com/maps/place/Asoka+Resort+Ketapang+Banten/data=!4m10!3m9!1s0x2e43b5dbff58cfe7:0x2bd24585d49592fc!5m2!4m1!1i2!8m2!3d-6.5248965!4d105.6942708!16s%2Fg%2F11f2wr1ynk!19sChIJ589Y_9u1Qy4R_JKV1IVF0is?authuser=0&hl=en&rclk=1,phone:tel:02535807000,,,https://www.asokaresortbanten.com/, Free Wi-Fi available  |  Paid breakfast available  |  Free parking available  |  Accessible unavailable  |  Outdoor pool available  |  Business center unavailable  |  Pet-friendly available  |  Beach access available  |  Room service available  |  Restaurant available  |  Airport shuttle available  |  Fitness center unavailable  |  Smoke-free available ,
Wisma Panorama Selat Sunda,,,Boarding house,"JL Raya Panimbang, Km. 3, Panimbang, Tanjungjaya, Kec. Panimbang, Kabupaten Pandeglang, Banten 42281 ",,"-6.531257, 105.653365",  Pandeglang,https://www.google.com/maps/place/Wisma+Panorama+Selat+Sunda/data=!4m7!3m6!1s0x2e43b6455bff6473:0xee0654293182cbc6!8m2!3d-6.531257!4d105.653365!16s%2Fg%2F11bc7sdxss!19sChIJc2T_W0W2Qy4RxsuCMSlUBu4?authuser=0&hl=en&rclk=1,phone:tel:08129331735,,,,,
Wisma Sarang Badak,3.6,164 reviews,Corporate office,"Jl. Taman Nasional Ujung Kulon, Kertajaya, Kec. Sumur, Kabupaten Pandeglang, Banten 42283 ",,"-6.6616061, 105.5803376",  Pandeglang,https://www.google.com/maps/place/Wisma+Sarang+Badak/data=!4m7!3m6!1s0x2e43bab1bb9b27af:0xa902b901c5115413!8m2!3d-6.6616061!4d105.5803376!16s%2Fg%2F11c0t9jr0_!19sChIJryebu7G6Qy4RE1QRxQG5Aqk?authuser=0&hl=en&rclk=1,phone:tel:082260999093, 8 AM to 10 PM,,https://ujungkulontour.webs.com/,,
Pantai Camara Homestay,4.8,136 reviews,,"Pantai Camara Homestay Jl. Pariwisata Kp. Simpang, Banyuasih, Cigeulis, Pandeglang Regency, Banten 42282 ",,"-6.5940993, 105.6246373", Pandeglang ,https://www.google.com/maps/place/Pantai+Camara+Homestay/data=!4m10!3m9!1s0x2e43b19867b16d43:0x18ce88f150ade417!5m2!4m1!1i2!8m2!3d-6.5940993!4d105.6246373!16s%2Fg%2F11fmlfq3fv!19sChIJQ22xZ5ixQy4RF-StUPGIzhg?authuser=0&hl=en&rclk=1,phone:tel:081285824502,,,, Free Wi-Fi available  |  Paid breakfast available  |  Free parking available  |  Accessible available  |  Pool unavailable  |  Air-conditioned available  |  Business center unavailable  |  Pet-friendly available  |  Beach access available  |  Room service available  |  Kid-friendly available  |  Kitchen in all rooms available  |  Airport shuttle unavailable  |  Fitness center unavailable  |  Smoke-free unavailable ,
Penginapan Edelweiss,,23 reviews,Inn,"Jl. Raya Tj. Lesung, Citeureup, Kec. Panimbang, Kabupaten Pandeglang, Banten 42281 ",,"-6.5253923, 105.6976275",  Pandeglang,https://www.google.com/maps/place/Penginapan+Edelweiss/data=!4m7!3m6!1s0x2e43b7e44923d747:0xc592ebcf3aefc24b!8m2!3d-6.5253923!4d105.6976275!16s%2Fg%2F11f6g3dq_k!19sChIJR9cjSeS3Qy4RS8LvOs_rksU?authuser=0&hl=en&rclk=1,phone:tel:087770027511,,,https://penginapan-edelweiss.business.site/,,
Honje Eco Lodge,4.4,140 reviews,,"8H9C+275, Jl. Taman Nasional Ujung Kulon, Kertajaya, Kec. Sumur, Kabupaten Pandeglang, Banten 42283 ",,"-6.6824952, 105.5707259",  Pandeglang,https://www.google.com/maps/place/Honje+Eco+Lodge/data=!4m7!3m6!1s0x2e43a5388181335d:0x26929c5a98be1f75!8m2!3d-6.6824952!4d105.5707259!16s%2Fg%2F11cjj0dx6w!19sChIJXTOBgTilQy4RdR--mFqckiY?authuser=0&hl=en&rclk=1,phone:tel:085780066198,,,, Free Wi-Fi available  |  Free parking available  |  Pool unavailable  |  Laundry service available  |  Beach access available  |  Kid-friendly available  |  Restaurant available  |  Fitness center unavailable ,
Adam Homestay Tanjung Lesung,4.1,29 reviews,Lodge,"Kp. Cipanon, Tanjungjaya, Kec. Panimbang, Kabupaten Pandeglang, Banten 42281 ",,"-6.5095278, 105.6709854",  Pandeglang,https://www.google.com/maps/place/Adam+Homestay+Tanjung+Lesung/data=!4m7!3m6!1s0x2e43b61eb5af29a3:0x8c32cc8c6e698613!8m2!3d-6.5095278!4d105.6709854!16s%2Fg%2F11cn5q0pdq!19sChIJoymvtR62Qy4RE4ZpbozMMow?authuser=0&hl=en&rclk=1,phone:tel:087884502296,,,http://bantentour.com/city/pandeglang/panimbang/penginapan-homestay-villa-resort-tanjung-lesung/homestay.html,,
Pines Villa,4.9,29 reviews,Lodging,"4JVX+V59, Cikuda, Ciburial, Kec. Cimenyan, Kabupaten Bandung, Jawa Barat 40198 ",,"-6.8553405, 107.6479746",  Bandung,https://www.google.com/maps/place/Pines+Villa/data=!4m7!3m6!1s0x2e68e7334911f96b:0x623e7646847bbf1d!8m2!3d-6.8553405!4d107.6479746!16s%2Fg%2F11kxc3gl1v!19sChIJa_kRSTPnaC4RHb97hEZ2PmI?authuser=0&hl=en&rclk=1,,,,,,
Khatulistiwa Homestay,,,,,,"-8.6797448, 115.2244851",,https://www.google.com/maps/place/Khatulistiwa+Homestay/data=!4m7!3m6!1s0x2e43c9c3e16bc44b:0x7130173e9cf26b34!8m2!3d-6.5098541!4d105.6714589!16s%2Fg%2F11c0xpjhbv!19sChIJS8Rr4cPJQy4RNGvynD4XMHE?authuser=0&hl=en&rclk=1,,,,,,
Kadeudeuh Homestay  Rumah Arsyla,4.3,27 reviews,,"Unnamed Road, Tanjungjaya, Kec. Panimbang, Kabupaten Pandeglang, Banten 42281 ",,"-6.5254068, 105.6835148",  Pandeglang,https://www.google.com/maps/place/Kadeudeuh+Homestay+-+Rumah+Arsyla/data=!4m7!3m6!1s0x2e43b7cac171c34b:0x78e67919f04727e2!8m2!3d-6.5254068!4d105.6835148!16s%2Fg%2F11g10lbgwq!19sChIJS8Nxwcq3Qy4R4idH8Bl55ng?authuser=0&hl=en&rclk=1,phone:tel:08558658364,,,, Kid-friendly available ,
Wisata Tanjung Lesung,4.0,71 reviews,Lodge,"Kp. Cikadu Indah, RT.002/RW.001, Tanjungjaya, Kec. Panimbang, Kabupaten Pandeglang, Banten 42281 ",,"-6.5082291, 105.6699053",  Pandeglang,https://www.google.com/maps/place/Wisata+Tanjung+Lesung/data=!4m7!3m6!1s0x2e43b6197bc3a359:0x84d7e0eb5ebe884e!8m2!3d-6.5082291!4d105.6699053!16s%2Fg%2F11c3vnktmj!19sChIJWaPDexm2Qy4RToi-Xuvg14Q?authuser=0&hl=en&rclk=1,phone:tel:085217102657,,,http://www.bantentour.com/city/pandeglang/panimbang/wisata-tanjung-lesung.html,,
PENGINAPAN KARUNIA,4.8,10 reviews,Homestay,"7PP5+XMQ, Sukajadi, Cibaliung, Pandeglang Regency, Banten 42285 ",,"-6.7125455, 105.7092443", Pandeglang ,https://www.google.com/maps/place/PENGINAPAN+KARUNIA/data=!4m7!3m6!1s0x2e43ad7b17c52abf:0xc4e065f706583c25!8m2!3d-6.7125455!4d105.7092443!16s%2Fg%2F11f7bds22y!19sChIJvyrFF3utQy4RJTxYBvdl4MQ?authuser=0&hl=en&rclk=1,phone:tel:08872390849,,,,,
Banyuasih Resort,4.1,15 reviews,Hotel,"9J96+J9X, Jl. Sumur - Cibaliung, Banyuasih, Kec. Cimanggu, Kabupaten Pandeglang, Banten 42284 ",,"-6.6308901, 105.6109909",  Pandeglang,https://www.google.com/maps/place/Banyuasih+Resort/data=!4m7!3m6!1s0x2e43b063eee35629:0xdd29b4f5f8229426!8m2!3d-6.6308901!4d105.6109909!16s%2Fg%2F11b73knk57!19sChIJKVbj7mOwQy4RJpQi-PW0Kd0?authuser=0&hl=en&rclk=1,phone:tel:02153153008,,,,,
Villa Borobudur Resort,4.7,199 reviews,,"Jl. Pete Dusun Pete, Sawah, Majaksingi, Kec. Borobudur, Kabupaten Magelang, Jawa Tengah 56553 ",,"-7.632846, 110.205656",  Magelang,https://www.google.com/maps/place/Villa+Borobudur+Resort/data=!4m7!3m6!1s0x2e7a8cceca1c52c9:0x1adfc74cefa927c1!8m2!3d-7.632846!4d110.205656!16s%2Fg%2F1ydppcht0!19sChIJyVIcys6Mei4RwSep70zH3xo?authuser=0&hl=en&rclk=1,phone:tel:085100525520,,,http://www.villaborobudurresort.com/, Free Wi-Fi available  |  Free breakfast available  |  Free parking available  |  Outdoor pool available  |  Air-conditioned available  |  Laundry service available  |  Pet-friendly unavailable  |  Room service available  |  Kid-friendly available  |  Restaurant available  |  Kitchen in all rooms available  |  Airport shuttle available  |  Spa available  |  Bar available ,
OYO 2860 The Castury Homestay Syariah,4.3,181 reviews,,"Jl. Raya Tanjung Lesung Kampung Katapang, RT.02/RW03, Citeureup, Kec. Panimbang, Kabupaten Pandeglang, Banten 42281 ",,"-6.5250678, 105.6946396",  Pandeglang,https://www.google.com/maps/place/OYO+2860+The+Castury+Homestay+Syariah/data=!4m7!3m6!1s0x2e43b5dc1adaa977:0x5ee27626f79862bf!8m2!3d-6.5250678!4d105.6946396!16s%2Fg%2F11bv30htmh!19sChIJd6naGty1Qy4Rv2KY9yZ24l4?authuser=0&hl=en&rclk=1,phone:tel:02129707601,,,https://www.oyorooms.com/h/95034/?utm_source=GMB_ID&utm_medium=Organic&utm_campaign=ID_KPG002&latitude=-6.52505827517&longitude=105.694639441&locale=id, Free Wi-Fi available  |  Free breakfast unavailable  |  Free parking available  |  Pool unavailable  |  Air-conditioned available  |  Beach access available  |  Restaurant available  |  Fitness center unavailable ,
A P M House,5.0,6 reviews,Hotel,"8H89+GGR, Kertamukti, Sumur, Pandeglang Regency, Banten 42283 ",,"-6.683647, 105.568755", Pandeglang ,https://www.google.com/maps/place/A+P+M+House/data=!4m7!3m6!1s0x2e43a5c49f131ad9:0x48774511ae204453!8m2!3d-6.683647!4d105.568755!16s%2Fg%2F11grpttjz6!19sChIJ2RoTn8SlQy4RU0QgrhFFd0g?authuser=0&hl=en&rclk=1,phone:tel:085718971299,,,,,
Sampai Villa SANTIVA,4.8,6 reviews,,"Jl. Bandut Lor No.Rt 31, Bandut Lor, Argorejo, Kec. Sedayu, Kabupaten Bantul, Daerah Istimewa Yogyakarta 55752 ",,"-7.8172489, 110.2677395",  Bantul,https://www.google.com/maps/place/Sampai+Villa+SANTIVA/data=!4m7!3m6!1s0x2e7af9eaac4ef5c3:0xcdf60c30b2205d4a!8m2!3d-7.8172489!4d110.2677395!16s%2Fg%2F11td1dm6pz!19sChIJw_VOrOr5ei4RSl0gsjAM9s0?authuser=0&hl=en&rclk=1,phone:tel:081229377252, Open 24 hours,,https://www.tiket.com/hotel/indonesia/sampai-villa-santiva-510001665988240326?accommodationType=NHA,,
