title,sub_category,address,metadata,coordinate,regency,link,review_point,price_level,site,contact_number,check_in,amenities,open_hours,check_out
Banana villa,Villa,"6H76+24H, Sekartaji, Nusa Penida, Klungkung Regency, Bali 80771 ",,"-8.7874325, 115.5603556", Klungkung ,https://www.google.com/maps/place/Villa+abian/data=!4m7!3m6!1s0x2dd23948cc99541b:0x772eb2b9b44dbe26!8m2!3d-8.5875839!4d115.1814052!16s%2Fg%2F11g0l6t49v!19sChIJG1SZzEg50i0RJr5NtLmyLnc?authuser=0&hl=en&rclk=1,,,,,,,,
Made Tastra Villas,Villa,"MJMR+QHJ, Dauhwaru, Jembrana, Jembrana Regency, Bali 82218 ",,"-8.3143976, 114.6418022", Jembrana ,https://www.google.com/maps/place/Made+Tastra+Villas/data=!4m7!3m6!1s0x2dd163da76d9c24d:0x3ca76f47e1c3a617!8m2!3d-8.3143976!4d114.6418022!16s%2Fg%2F11rjj2m4cv!19sChIJTcLZdtpj0S0RF6bD4Udvpzw?authuser=0&hl=en&rclk=1,5.0,5 reviews,,,,,,
villa my dream,Villa,"Dauhwaru, Jembrana, Jembrana Regency, Bali 82218 ",,"-8.3535009, 114.641188", Jembrana ,https://www.google.com/maps/place/villa+my+dream/data=!4m7!3m6!1s0x2dd1638474be2cd5:0xe06b1313d585ebe8!8m2!3d-8.3535009!4d114.641188!16s%2Fg%2F11fm5wcb9f!19sChIJ1Sy-dIRj0S0R6OuF1RMTa-A?authuser=0&hl=en&rclk=1,5.0,2 reviews,,,,,,
The Klumpu Villa,,"7GHG+RCW, Klumpu, Nusa Penida, Klungkung Regency, Bali 80771 ",,"-8.7203823, 115.5260649", Klungkung ,https://www.google.com/maps/place/The+Klumpu+Villa/data=!4m10!3m9!1s0x2dd2716b719349c7:0xa2eb32bc3f35cae1!5m2!4m1!1i2!8m2!3d-8.7203823!4d115.5260649!16s%2Fg%2F11fmdx39d7!19sChIJx0mTcWtx0i0R4co1P7wy66I?authuser=0&hl=en&rclk=1,4.2,38 reviews,https://travellingpedro.com/the-klumpu-villa-indonesia,81339108029.0,, Free Wi-Fi available  |  Free breakfast available  |  Parking available  |  Outdoor pool available  |  Laundry service available ,,
Villa Kebon Tupai,Villa,"Jl. Lasem No.12, Penarungan, Kec. Mengwi, Kabupaten Badung, Bali 80352 ",,"-8.5309102, 115.1961559",  Badung,https://www.google.com/maps/place/Villa+Kebon+Tupai/data=!4m7!3m6!1s0x2dd23d15558650db:0xe8cf7264a45423dd!8m2!3d-8.5309102!4d115.1961559!16s%2Fg%2F11q1lq1rf_!19sChIJ21CGVRU90i0R3SNUpGRyz-g?authuser=0&hl=en&rclk=1,,,,,,,,
k=1,,,,,,,,,,,,,,
VILLA SARAH DEWI,Villa,"Penelokan Main Rd, South Batur, Kintamani, Bangli Regency, Bali 80652 ",,"-8.2658431, 115.3402742", Bangli ,https://www.google.com/maps/place/VILLA+SARAH+DEWI/data=!4m7!3m6!1s0x2dd1f50bccb76605:0xf9a67d1e2f5f3f90!8m2!3d-8.2658431!4d115.3402742!16s%2Fg%2F11mvpjdb7_!19sChIJBWa3zAv10S0RkD9fLx59pvk?authuser=0&hl=en&rclk=1,5.0,1 review,,,,,,
Gelar Eco Villas,,"Dauhwaru, Jembrana, Jembrana Regency, Bali 82218 ",,"-8.3029424, 114.6536889", Jembrana ,https://www.google.com/maps/place/Gelar+Eco+Villas/data=!4m10!3m9!1s0x2dd1632500bcf467:0xcf5b4db0eb4e6591!5m2!4m1!1i2!8m2!3d-8.3029424!4d114.6536889!16s%2Fg%2F11g2pl_yt2!19sChIJZ_S8ACVj0S0RkWVO67BNW88?authuser=0&hl=en&rclk=1,4.6,62 reviews,,82144217539.0,, Free Wi-Fi available  |  Free parking available  |  Pool unavailable ,,
OYO 90057 Riverside Bali Villas,,"Jl. Bukit Tinggi No.1, Mengwitani, Kec. Mengwi, Bali, 80351 ",,"-8.5726499, 115.1761557",,https://www.google.com/maps/place/OYO+90057+Riverside+Bali+Villas/data=!4m10!3m9!1s0x2dd23959622678b7:0x5bb1af07c962e142!5m2!4m1!1i2!8m2!3d-8.5726499!4d115.1761557!16s%2Fg%2F11mv0wqk6x!19sChIJt3gmYlk50i0RQuFiyQevsVs?authuser=0&hl=en&rclk=1,5.0,4 reviews,https://www.oyorooms.com/ID/hotels-in-Bali/?utm_source=GMB_ID_SO&utm_medium=Organic&utm_campaign=ID_BAG003&locale=id,2129707601.0,, Free Wi-Fi available  |  Pool available  |  Laundry service available ,,
Villa Losari,Villa,"RW7V+HGQ, Jalan sudirman gang pantai sulanyah.seririt, Sulanyah, Kec. Seririt, Kabupaten Buleleng, Bali 81153 ",,"-8.1860401, 114.9438582",  Buleleng,https://www.google.com/maps/place/Villa+Losari/data=!4m7!3m6!1s0x2dd183cb78f4e953:0xfb204b6b2003e378!8m2!3d-8.1860401!4d114.9438582!16s%2Fg%2F11f713sthv!19sChIJU-n0eMuD0S0ReOMDIGtLIPs?authuser=0&hl=en&rclk=1,5.0,1 review,,87863211327.0,,, Open 24 hours,
Swarma villa,Villa,"M7CM+XVJ, Gg. Abian tiying, Singakerta, Kecamatan Ubud, Gianyar Regency, Bali 80572 ",,"-8.3275498, 115.2846543", Gianyar ,https://www.google.com/maps/place/Swarma+villa/data=!4m7!3m6!1s0x2dd21f155b401a05:0xac3d8a26bf4f1f2e!8m2!3d-8.3275498!4d115.2846543!16s%2Fg%2F11j1l3pgzm!19sChIJBRpAWxUf0i0RLh9PvyaKPaw?authuser=0&hl=en&rclk=1,5.0,1 review,,81916376314.0,,, Open 24 hours,
Villa Jembrana,,"82218, Dauhwaru, Kecamatan Jembrana, Pendem, Kec. Jembrana, Kabupaten Jembrana, Bali 82218 ",,"-8.3089413, 114.6414053",  Jembrana,https://www.google.com/maps/place/Villa+Jembrana/data=!4m10!3m9!1s0x2dd163c0c72f0f0b:0x51e22e2b0bbe2bb!5m2!4m1!1i2!8m2!3d-8.3089413!4d114.6414053!16s%2Fg%2F11f3f7dchk!19sChIJCw8vx8Bj0S0Ru-K7sOIiHgU?authuser=0&hl=en&rclk=1,4.5,18 reviews,http://villajembrana.com/,,, Free Wi-Fi available  |  Free breakfast available  |  Outdoor pool available  |  Laundry service available  |  Room service available  |  Kid-friendly available ,,
Yens’s Villa,Villa,"Jl. Raya Penarungan No.30, Penarungan, Kec. Mengwi, Kabupaten Badung, Bali 80352 ",,"-8.5480989, 115.1981026",  Badung,https://www.google.com/maps/place/Yens%E2%80%99s+Villa/data=!4m7!3m6!1s0x2dd23d31f6b49383:0x11534e6fbc33fe79!8m2!3d-8.5480989!4d115.1981026!16s%2Fg%2F11r_tdx9y9!19sChIJg5O09jE90i0Ref4zvG9OUxE?authuser=0&hl=en&rclk=1,,,,87786070200.0,,,,
Villa Taman Sari,Villa,"RW3R+PGV Br Dinas Taman Sari, Sulanyah, Kec. Seririt, Kabupaten Buleleng, Bali 81153 ",,"-8.1956346, 114.9413043",  Buleleng,https://www.google.com/maps/place/Villa+Taman+Sari/data=!4m7!3m6!1s0x2dd183498506aac5:0x375e400c8f661f8c!8m2!3d-8.1956346!4d114.9413043!16s%2Fg%2F11sx3bsd4s!19sChIJxaoGhUmD0S0RjB9mjwxAXjc?authuser=0&hl=en&rclk=1,,,,,,,,
Kintamani Hill Villa,Villa,"P9F7+M3P, Unnamed Road, Batur Tengah, Kec. Kintamani, Kabupaten Bangli, Bali 80652 ",,"-8.275792, 115.362718",  Bangli,https://www.google.com/maps/place/Kintamani+Hill+Villa/data=!4m7!3m6!1s0x2dd1f5c0b2a1466d:0xbd81b5f95159629f!8m2!3d-8.275792!4d115.362718!16s%2Fg%2F11smdq066m!19sChIJbUahssD10S0Rn2JZUfm1gb0?authuser=0&hl=en&rclk=1,,,,,,,,
Villa Exotic,Villa,"JJWR+JF3, Dauhwaru, Jembrana, Jembrana Regency, Bali 82218 ",,"-8.3534848, 114.6411712", Jembrana ,https://www.google.com/maps/place/Villa+Exotic/data=!4m7!3m6!1s0x2dd163cdc9b58d99:0x367a43a27bb7c2ce!8m2!3d-8.3534848!4d114.6411712!16s%2Fg%2F11fm7m73mt!19sChIJmY21yc1j0S0RzsK3e6JDejY?authuser=0&hl=en&rclk=1,,,,817467612.0,,,,
Villa OASA Puman,,"H7H9+QW, Taro, Tegallalang, Gianyar Regency, Bali ",,"-8.4205898, 115.2697884", Gianyar ,https://www.google.com/maps/place/Villa+OASA+Puman/data=!4m10!3m9!1s0x2dd2231eff192e9f:0xc0a1b400426d9841!5m2!4m1!1i2!8m2!3d-8.4205898!4d115.2697884!16s%2Fg%2F11pf1t31n3!19sChIJny4Z_x4j0i0RQZhtQgC0ocA?authuser=0&hl=en&rclk=1,4.2,17 reviews,,81384685581.0,, Free Wi-Fi available  |  Free parking available  |  Pool available  |  Laundry service available , Open 24 hours,
Harwita’s Villa,Villa,"QXV7+9PM, Jl. Air Panas, Munduk, Kec. Banjar, Kabupaten Buleleng, Bali 81152 ",,"-8.206539, 114.9642843",  Buleleng,https://www.google.com/maps/place/Harwita%E2%80%99s+Villa/data=!4m7!3m6!1s0x2dd1831e7991981b:0xe8f7912f963db3d9!8m2!3d-8.206539!4d114.9642843!16s%2Fg%2F11nnqcc98w!19sChIJG5iReR6D0S0R2bM9li-R9-g?authuser=0&hl=en&rclk=1,,,,,,,,
Sebatu paradise villa,,"Jl. Br Jasan, Sebatu, Kec. Tegallalang, Kabupaten Gianyar, Bali 80561 ",,"-8.3685728, 115.3071869",  Gianyar,https://www.google.com/maps/place/Sebatu+paradise+villa/data=!4m10!3m9!1s0x2dd21f7f72e1a865:0x71422193a9e48b21!5m2!4m1!1i2!8m2!3d-8.3685728!4d115.3071869!16s%2Fg%2F11p673g2z_!19sChIJZajhcn8f0i0RIYvkqZMhQnE?authuser=0&hl=en&rclk=1,5.0,6 reviews,https://sebatu-paradise-villas.business.site/,82237661682.0,, Free Wi-Fi available  |  Free parking available  |  Pool available ,,
Villa Gelar,Villa,"Jl. Patih Jelantik, Batuagung, Kec. Jembrana, Kabupaten Jembrana, Bali 82218 ",,"-8.299852, 114.655115",  Jembrana,https://www.google.com/maps/place/Villa+Gelar/data=!4m7!3m6!1s0x2dd1636e06d22603:0x91eea89b49e6cf88!8m2!3d-8.299852!4d114.655115!16s%2Fg%2F11q7fxgfjk!19sChIJAybSBm5j0S0RiM_mSZuo7pE?authuser=0&hl=en&rclk=1,4.9,14 reviews,,881037643262.0,,,,
Kaja villa ubud,,"H7C5+PR4, Br. Roban - Desa Kelusa, Keliki, Payangan, Gianyar Regency, Bali 80572 ",,"-8.428249, 115.259575", Gianyar ,https://www.google.com/maps/place/Kaja+villa+ubud/data=!4m10!3m9!1s0x2dd2231a79cef067:0xc0c018a64d246ffc!5m2!4m1!1i2!8m2!3d-8.428249!4d115.259575!16s%2Fg%2F11h5npz28p!19sChIJZ_DOeRoj0i0R_G8kTaYYwMA?authuser=0&hl=en&rclk=1,4.6,5 reviews,https://kajavillaubud.com/,,, Free Wi-Fi available  |  Free parking available  |  Pool available  |  Laundry service available  |  Airport shuttle available ,,
Villa Sali,Villa,"Jalan Samudra V3, Tangguwisia, Desa Tangguwisia, Kecamatan Seririt, Buleleng Regency, Bali 81151 ",,"-8.1830424, 114.9460816", Buleleng ,https://www.google.com/maps/place/Villa+Sali/data=!4m7!3m6!1s0x2dd19d2b5f30d1b3:0xa3716dbd40fdfb52!8m2!3d-8.1830424!4d114.9460816!16s%2Fg%2F11c3sr9z37!19sChIJs9EwXyud0S0RUvv9QL1tcaM?authuser=0&hl=en&rclk=1,4.6,16 reviews,http://www.villasali.com/,31642266599.0,,,,
Villa Kedisan Lake View RedPartner,,"Jl. Kedisan No.88, Kedisan, Kec. Kintamani, Kabupaten Bangli, Bali 80652 ",,"-8.2799653, 115.3827453",  Bangli,https://www.google.com/maps/place/Villa+Kedisan+Lake+View+RedPartner/data=!4m10!3m9!1s0x2dd1f7963633790d:0x642d5504b4f24a7e!5m2!4m1!1i2!8m2!3d-8.2799653!4d115.3827453!16s%2Fg%2F11jwkmjxjw!19sChIJDXkzNpb30S0RfkrytARVLWQ?authuser=0&hl=en&rclk=1,4.5,46 reviews,https://www.reddoorz.com/id-id/hotel/indonesia/bangli/kintamani/villa-kedisan-lake-view-redpartner?utm_source=google&utm_medium=mybusiness&utm_campaign=webclick,8123978107.0,, Free Wi-Fi available  |  Parking available  |  Pool unavailable  |  Laundry service available ,,
Kebun Villas,,"Suradadi, Banjar, Belimbing, Kec. Pupuan, Kabupaten Tabanan, Bali 82162 ",,"-8.4323397, 115.0291278",  Tabanan,https://www.google.com/maps/place/Kebun+Villas/data=!4m10!3m9!1s0x2dd22eeb1241589f:0xd79e3c56ee8eafe1!5m2!4m1!1i2!8m2!3d-8.4323397!4d115.0291278!16s%2Fg%2F12hmy9mmd!19sChIJn1hBEusu0i0R4a-O7lY8ntc?authuser=0&hl=en&rclk=1,4.4,140 reviews,http://www.kebunvilla.com/,81239703566.0,, Free Wi-Fi available  |  Free breakfast available  |  Free parking available  |  Outdoor pool available  |  Laundry service available  |  Room service available  |  Kid-friendly available  |  Restaurant available , 7AM to 10PM,
Green Villa,,"H7HG+23J, Villas, Jl. Raya Bresela, Beresela, Payangan, Gianyar Regency, Bali 80571 ",,"-8.4224012, 115.275146", Gianyar ,https://www.google.com/maps/place/Green+Villa/data=!4m10!3m9!1s0x2dd223efe3e4fd81:0x24f8bf6e1c749030!5m2!4m1!1i2!8m2!3d-8.4224012!4d115.275146!16s%2Fg%2F11p64m197z!19sChIJgf3k4-8j0i0RMJB0HG6_-CQ?authuser=0&hl=en&rclk=1,,,,,, Pet-friendly available  |  Airport shuttle available ,,
The Lovina Villa,Villa,"Unnamed Road, Dencarik, Kec. Banjar, Kabupaten Buleleng, Bali 81152 ",,"-8.1843852, 114.9732171",  Buleleng,https://www.google.com/maps/place/The+Lovina+Villa/data=!4m7!3m6!1s0x2dd183674da7bfb1:0xe1fdb9a4122ff361!8m2!3d-8.1843852!4d114.9732171!16s%2Fg%2F11j20w73r7!19sChIJsb-nTWeD0S0RYfMvEqS5_eE?authuser=0&hl=en&rclk=1,4.8,4 reviews,http://www.thelovinavilla.com/,87762035526.0,,, 8AM to 12AM,
Villa bambu temesir,Homestay,"J8RJ+C9J, Unnamed Road, Tiga, Kec. Susut, Kabupaten Bangli, Bali 80661 ",,"-8.3589054, 115.330895",  Bangli,https://www.google.com/maps/place/Villa+bambu+temesir/data=!4m7!3m6!1s0x2dd21fcca9b517a5:0xf5dcb22123242c31!8m2!3d-8.3589054!4d115.330895!16s%2Fg%2F11r7m_tf03!19sChIJpRe1qcwf0i0RMSwkIyGy3PU?authuser=0&hl=en&rclk=1,,,,,,,,
Villa Kubu Gok Gelatik,Villa,"H25G+QX3, Jalan kubu gok gelatik, Belimbing, Pupuan, Tabanan Regency, Bali 82162 ",,"-8.4406233, 115.0274093", Tabanan ,https://www.google.com/maps/place/Villa+Kubu+Gok+Gelatik/data=!4m7!3m6!1s0x2dd22fc9fa407cc9:0x302b4d602e20aa00!8m2!3d-8.4406233!4d115.0274093!16s%2Fg%2F11qwrnk5gk!19sChIJyXxA-skv0i0RAKogLmBNKzA?authuser=0&hl=en&rclk=1,,,,8111116300.0,,,,
Pawana Villas,,"Village, Bresela, Kec. Payangan, Kabupaten Gianyar, Bali 80572 ",,"-8.4236965, 115.2704713",  Gianyar,https://www.google.com/maps/place/Pawana+Villas/data=!4m10!3m9!1s0x2dd223c4f295812b:0xd9c90c642437f89f!5m2!4m1!1i2!8m2!3d-8.4236965!4d115.2704713!16s%2Fg%2F11jvj0vfv5!19sChIJK4GV8sQj0i0Rn_g3JGQMydk?authuser=0&hl=en&rclk=1,4.6,37 reviews,https://yan-recommends.com/pawana-villas-indonesia,87762790321.0,, Free Wi-Fi available  |  Free parking available  |  Outdoor pool available ,,
SAKA UMAH VILLA,Villa,"Jl. Teuku Umar, Dauh Puri Kauh, Kec. Denpasar Bar., Kota Denpasar, Bali 80113 ",,"-8.6700189, 115.2105831",  Denpasar,https://www.google.com/maps/place/SAKA+UMAH+VILLA/data=!4m7!3m6!1s0x2dd241b8b3725935:0x86f439cd4a2e5dc9!8m2!3d-8.6700189!4d115.2105831!16s%2Fg%2F11fqcqvccm!19sChIJNVlys7hB0i0RyV0uSs059IY?authuser=0&hl=en&rclk=1,5.0,2 reviews,https://www.instagram.com/saka_villas,85792490060.0,,, 9AM to 5PM,
Putra Tunggal,Villa,"PH49+77R, Dukuh, Kubu, Karangasem Regency, Bali 80853 ",,"-8.293786, 115.5687411", Karangasem ,https://www.google.com/maps/place/Putra+Tunggal/data=!4m7!3m6!1s0x2dd1ffb02b72d6e3:0x33024ad8dbb7b932!8m2!3d-8.293786!4d115.5687411!16s%2Fg%2F11s6wrmq3v!19sChIJ49ZyK7D_0S0RMrm329hKAjM?authuser=0&hl=en&rclk=1,,,,,,,,
Villa Rumah Ibu Ivo Ong,Villa,"H344+JGQ, Banjar, Jl. Cepaka, Aseman, Manikyang, Selemadeg, Tabanan Regency, Bali 82162 ",,"-8.443411, 115.0563601", Tabanan ,https://www.google.com/maps/place/Villa+Rumah+Ibu+Ivo+Ong/data=!4m7!3m6!1s0x2dd22f8a72f16915:0xc2cd8445af6be55f!8m2!3d-8.443411!4d115.0563601!16s%2Fg%2F11rvh06j02!19sChIJFWnxcoov0i0RX-Vrr0WEzcI?authuser=0&hl=en&rclk=1,,,,,,,,
VILLA HOKINA TEGALLALANG BALI,,"Jl. Raya Pujung Kaja, Sebatu, Kec. Tegallalang, Kabupaten Gianyar, Bali 80561 ",,"-8.4245496, 115.2787002",  Gianyar,https://www.google.com/maps/place/VILLA+HOKINA+TEGALLALANG+BALI/data=!4m10!3m9!1s0x2dd21f5ab2226887:0x37135571528ca3a6!5m2!4m1!1i2!8m2!3d-8.4245496!4d115.2787002!16s%2Fg%2F11hy99nzlr!19sChIJh2gislof0i0RpqOMUnFVEzc?authuser=0&hl=en&rclk=1,,29 reviews,,8117711799.0,,,,
Rising Sun Villa,Villa,"86H7+R3G, Dauh Puri Klod, Denpasar Barat, Denpasar City, Bali 80113 ",,"-8.6704466, 115.2126958", Denpasar ,https://www.google.com/maps/place/Rising+Sun+Villa/data=!4m7!3m6!1s0x2dd2409555555555:0x47eee5bad634a344!8m2!3d-8.6704466!4d115.2126958!16s%2Fg%2F11c2p3nnzy!19sChIJVVVVVZVA0i0RRKM01rrl7kc?authuser=0&hl=en&rclk=1,,,,,,,,
Villa Anggrek,Holiday home,"Jl. Sida Karya, Baturinggit, Kec. Kubu, Kabupaten Karangasem, Bali 80853 ",,"-8.2480861, 115.5716662",  Karangasem,https://www.google.com/maps/place/Villa+Anggrek/data=!4m7!3m6!1s0x2dd1ffbf42281ae5:0x7e14e73c530d92bf!8m2!3d-8.2480861!4d115.5716662!16s%2Fg%2F11fkdy1pq0!19sChIJ5RooQr__0S0Rv5INUzznFH4?authuser=0&hl=en&rclk=1,5.0,2 reviews,https://www.villa-anggrek.com/,,,,,
Cempaka Belimbing Villas,,"Jalan Raya Belimbing, Banjar Suradadi, Belimbing Village, Pupuan, Belimbing, Tabanan, Tabanan Regency, Bali 82163 ",,"-8.4224708, 115.0284588", Tabanan ,https://www.google.com/maps/place/Cempaka+Belimbing+Villas/data=!4m10!3m9!1s0x2dd22ecb7ce6d9ab:0x87a105d43339d72f!5m2!4m1!1i2!8m2!3d-8.4224708!4d115.0284588!16s%2Fg%2F1tcx99gz!19sChIJq9nmfMsu0i0RL9c5M9QFoYc?authuser=0&hl=en&rclk=1,4.3,188 reviews,,85100451178.0,, Free Wi-Fi available  |  Free breakfast available  |  Free parking available  |  Outdoor pool available  |  Air-conditioned available  |  Laundry service available  |  Pet-friendly unavailable  |  Room service available  |  Kid-friendly available  |  Restaurant available  |  Airport shuttle available  |  Hot tub available  |  Spa available ,,
Jerami Villa,Villa,"8683+W4G, Jl. Pulau Ayu, Dauh Puri Kauh, Denpasar, Kota Denpasar, Bali 80361 ",,"-8.682692, 115.20284",  Denpasar,https://www.google.com/maps/place/Jerami+Villa/data=!4m7!3m6!1s0x2dd240dae8f8eab7:0xdc9b8ef5ce77d3a4!8m2!3d-8.682692!4d115.20284!16s%2Fg%2F1tcx3ts5!19sChIJt-r46NpA0i0RpNN3zvWOm9w?authuser=0&hl=en&rclk=1,4.0,8 reviews,,81933013535.0,,, 9AM to 5PM,
Uma Caming Villas & Gym,,"Jl. Raya Bresela, Bresela, Kec. Payangan, Kabupaten Gianyar, Bali 80572 ",,"-8.4327049, 115.2686614",  Gianyar,https://www.google.com/maps/place/Uma+Caming+Villas+%26+Gym/data=!4m10!3m9!1s0x2dd2226f0a1e6ced:0x6800d8814d82bdac!5m2!4m1!1i2!8m2!3d-8.4327049!4d115.2686614!16s%2Fg%2F11c60mm_64!19sChIJ7WweCm8i0i0RrL2CTYHYAGg?authuser=0&hl=en&rclk=1,4.6,84 reviews,,87860367621.0,, Free Wi-Fi available  |  Free breakfast available  |  Free parking available  |  Outdoor pool available  |  Laundry service available  |  Room service available  |  Fitness center available ,,
De kubu villas,Villa,"Jln br dinas darma winangun, Ban, Kec. Kubu, Kabupaten Karangasem, Bali 80853 ",,"-8.2879419, 115.4970466",  Karangasem,https://www.google.com/maps/place/De+kubu+villas/data=!4m7!3m6!1s0x2dd1f98fec8ef96b:0x6b9e96e27a2f1553!8m2!3d-8.2879419!4d115.4970466!16s%2Fg%2F11t3ytsw0z!19sChIJa_mO7I_50S0RUxUveuKWnms?authuser=0&hl=en&rclk=1,,,,,,,,
Villa pak Lukita,Villa,"H2WP+G7C, Jl. Antosari Pupuan, Belimbing, Kec. Pupuan, Kabupaten Tabanan, Bali 82163 ",,"-8.4036849, 115.035635",  Tabanan,https://www.google.com/maps/place/Villa+pak+Lukita/data=!4m7!3m6!1s0x2dd22995c9fabbd1:0x8c18c1d1c20975a2!8m2!3d-8.4036849!4d115.035635!16s%2Fg%2F11h3x3k_c7!19sChIJ0bv6yZUp0i0RonUJwtHBGIw?authuser=0&hl=en&rclk=1,,,,,,,,
Kodok Villa,Hotel,"Jl. Raya Sesetan No.327, Sesetan, Denpasar Selatan, Kota Denpasar, Bali 80225 ",,"-8.6855638, 115.2171194",  Denpasar,https://www.google.com/maps/place/Kodok+Villa/data=!4m7!3m6!1s0x2dd240e14a0d65d3:0x3ffb77c95dfd9cc6!8m2!3d-8.6855638!4d115.2171194!16s%2Fg%2F1pzq1vgwh!19sChIJ02UNSuFA0i0Rxpz9Xcl3-z8?authuser=0&hl=en&rclk=1,2.0,1 review,,3617428136.0,,,,
Klumpu Hill Villa & Restaurant,Villa,"7GHG+RCW, Klumpu, Nusa Penida, Klungkung Regency, Bali 80771 ",,"-8.720384, 115.5260649", Klungkung ,https://www.google.com/maps/place/Klumpu+Hill+Villa+%26+Restaurant/data=!4m7!3m6!1s0x2dd2713588a53789:0x2bf15a3ab062d3fd!8m2!3d-8.720384!4d115.5260649!16s%2Fg%2F11lgz8_lyg!19sChIJiTeliDVx0i0R_dNisDpa8Ss?authuser=0&hl=en&rclk=1,5.0,5 reviews,,81337030674.0,,,,
Villa Alon,Villa,"PHFQ+H5Q, Tulamben, Kubu, Karangasem Regency, Bali 80852 ",,"-8.276031, 115.5879971", Karangasem ,https://www.google.com/maps/place/Villa+Alon/data=!4m7!3m6!1s0x2dd1ffbf1c699f51:0x146fa55ed48bf729!8m2!3d-8.276031!4d115.5879971!16s%2Fg%2F11gvy0w819!19sChIJUZ9pHL__0S0RKfeL1F6lbxQ?authuser=0&hl=en&rclk=1,5.0,4 reviews,http://www.villaalon.com/,85737010001.0,,,,
villa jati,Villa,"HXFG+8PP, Mundeh, Selemadeg Barat, Tabanan Regency, Bali ",,"-8.4266711, 114.97684", Tabanan ,https://www.google.com/maps/place/villa+jati/data=!4m7!3m6!1s0x2dd22d8ec03115eb:0x2b55704c730a8f4c!8m2!3d-8.4266711!4d114.97684!16s%2Fg%2F11s5yh7cvy!19sChIJ6xUxwI4t0i0RTI8Kc0xwVSs?authuser=0&hl=en&rclk=1,,,,,,,,
Villa Kosim benzema,Villa,"Jl. Nusa Penida No.17, Dauh Puri Klod, Kec. Denpasar Bar., Kota Denpasar, Bali 80114 ",,"-8.6787042, 115.2116954",  Denpasar,https://www.google.com/maps/place/Villa+Kosim+benzema/data=!4m7!3m6!1s0x2dd241a8041ca0bb:0xe101ea169c4fc9a1!8m2!3d-8.6787042!4d115.2116954!16s%2Fg%2F11ftc9jlvd!19sChIJu6AcBKhB0i0RoclPnBbqAeE?authuser=0&hl=en&rclk=1,,,,,,,,
SANHA ARDIKA VILLA,Villa,"Banjar Bungkil, Sekartaji, Kec. Nusa Penida, Kabupaten Klungkung, Bali ",,"-8.7842844, 115.556898",  Klungkung,https://www.google.com/maps/place/SANHA+ARDIKA+VILLA/data=!4m7!3m6!1s0x2dd2711ce7e87e6f:0x3fbc425d2090cd4f!8m2!3d-8.7842844!4d115.556898!16s%2Fg%2F11t77pk1gc!19sChIJb37o5xxx0i0RT82QIF1CvD8?authuser=0&hl=en&rclk=1,5.0,1 review,,,,,,
Villa Aalisha,Villa,"MHPJ+M25, Jl. Tukad Abu, Tulamben, Kec. Kubu, Kabupaten Karangasem, Bali 80852 ",,"-8.3133657, 115.5801152",  Karangasem,https://www.google.com/maps/place/Villa+Aalisha/data=!4m7!3m6!1s0x2dd2014131e53769:0x5cae8f9d37cbc304!8m2!3d-8.3133657!4d115.5801152!16s%2Fg%2F11rs0s0_7g!19sChIJaTflMUEB0i0RBMPLN52Prlw?authuser=0&hl=en&rclk=1,,,,,,,,
Villa NiMo Mengwi,Villa,"C5VJ+P9P, Jl. Gulingan, Mengwitani, Kec. Mengwi, Kabupaten Badung, Bali 80351 ",,"-8.5556681, 115.1809387",  Badung,https://www.google.com/maps/place/Villa+NiMo+Mengwi/data=!4m7!3m6!1s0x2dd23b6aaab6e6a5:0x2ab329ce42c3d9ef!8m2!3d-8.5556681!4d115.1809387!16s%2Fg%2F11ht3_0ngw!19sChIJpea2qmo70i0R79nDQs4psyo?authuser=0&hl=en&rclk=1,5.0,2 reviews,http://www.villanimo.com/,85253558035.0,,, Open 24 hours,
Vacation Rental Villas in Bali,Villa,"Jl. Pulau Adi Dalam No.17, Dauh Puri Kauh, Kec. Denpasar Bar., Kota Denpasar, Bali 80361 ",,"-8.680083, 115.2051933",  Denpasar,https://www.google.com/maps/place/Vacation+Rental+Villas+in+Bali/data=!4m7!3m6!1s0x2dd240c4befd0319:0xcbd08e67307ec4ac!8m2!3d-8.680083!4d115.2051933!16s%2Fg%2F1tk3d8y8!19sChIJGQP9vsRA0i0RrMR-MGeO0Ms?authuser=0&hl=en&rclk=1,,,,8123815890.0,,, 9AM to 5PM,
Mangku Wijaya villa,Homestay,"6H85+PRR, Sekartaji, Nusa Penida, Klungkung Regency, Bali 80771 ",,"-8.7831307, 115.5595076", Klungkung ,https://www.google.com/maps/place/Mangku+Wijaya+villa/data=!4m7!3m6!1s0x2dd2712fac95ad89:0x58ab282044debb!8m2!3d-8.7831307!4d115.5595076!16s%2Fg%2F11qg1kjpw5!19sChIJia2VrC9x0i0Ru95EICirWAA?authuser=0&hl=en&rclk=1,,,,,,,,
The Calyx Villa,Villa,"C59G+9RR, Kapal, Mengwi, Badung Regency, Bali 80351 ",,"-8.5815242, 115.1770001", Badung ,https://www.google.com/maps/place/The+Calyx+Villa/data=!4m7!3m6!1s0x2dd2395aaab3272b:0x456226e88c250393!8m2!3d-8.5815242!4d115.1770001!16s%2Fg%2F11x9h704d!19sChIJKyezqlo50i0RkwMljOgmYkU?authuser=0&hl=en&rclk=1,3.8,5 reviews,,,,,,
The Lagan Villas,Villa,"6H84+2HF, Sekartaji, Nusa Penida, Klungkung Regency, Bali 80771 ",,"-8.7849455, 115.556412", Klungkung ,https://www.google.com/maps/place/The+Lagan+Villas/data=!4m7!3m6!1s0x2dd2710efb2be395:0x2177a159f6486b7d!8m2!3d-8.7849455!4d115.556412!16s%2Fg%2F11p01h3gbq!19sChIJleMr-w5x0i0RfWtI9lmhdyE?authuser=0&hl=en&rclk=1,,,,,,,,
Villa abian,Hotel,"C56J+XH6, Unnamed Road, Abianbase, Mengwi, Badung Regency, Bali 80351 ",,"-8.5875839, 115.1814052", Badung ,https://www.google.com/maps/place/Villa+Cendana/data=!4m7!3m6!1s0x2dd2017e28804c0d:0x98c43851e3ae881!8m2!3d-8.331957!4d115.6222278!16s%2Fg%2F11m89r20gw!19sChIJDUyAKH4B0i0Rgeg6HoVDjAk?authuser=0&hl=en&rclk=1,4.5,8 reviews,,8123770943.0,,,,
PURI RAKA VILLA,,"Br Uma, Patemon, Kec. Seririt, Kabupaten Buleleng, Bali 81153 ",,"-8.2011583, 114.9307048",  Buleleng,https://www.google.com/maps/place/PURI+RAKA+VILLA/data=!4m10!3m9!1s0x2dd183cc053d32a3:0xd0f4a4598aac0ebd!5m2!4m1!1i2!8m2!3d-8.2011583!4d114.9307048!16s%2Fg%2F11lf_hb6mp!19sChIJozI9BcyD0S0RvQ6silmk9NA?authuser=0&hl=en&rclk=1,4.6,5 reviews,,81237118616.0,, Free Wi-Fi available  |  Free parking available  |  Pool unavailable , Open 24 hours,
Villa Cendana,Villa,"MJ9C+6V9, Unnamed Road, Laba Sari, Abang, Karangasem Regency, Bali 80852 ",,"-8.331957, 115.6222278", Karangasem ,https://www.google.com/maps/place/Villa+Cendana/data=!4m7!3m6!1s0x2dd2017e28804c0d:0x98c43851e3ae881!8m2!3d-8.331957!4d115.6222278!16s%2Fg%2F11m89r20gw!19sChIJDUyAKH4B0i0Rgeg6HoVDjAk?authuser=0&hl=en&rclk=1,4.5,2 reviews,,,,,,
