title,sub_category,address,metadata,coordinate,regency,link,review_point,review_total,contact_number,open_hours,check_in,site,amenities,check_out
Villa sebenua indah,Store,"9872+39G, Durian, Sambas, Sambas Regency, West Kalimantan 79462 ",,"1.3626937, 109.3009462", Sambas ,https://www.google.com/maps/place/Villa+sebenua+indah/data=!4m7!3m6!1s0x31e4b928000cdf6d:0xb0ececdd82b2e316!8m2!3d1.3626937!4d109.3009462!16s%2Fg%2F11s20n18h2!19sChIJbd8MACi55DERFuOygt3s7LA?authuser=0&hl=en&rclk=1,,,,,,,,
Aditya mahiza,Villa,"99C2+487, Dusun Muara kayong, Sungai Kelik, Kec. Nanga Tayap, Kabupaten Ketapang, Kalimantan Barat 78873 ",,"-1.6297023, 110.3507926",  Ketapang,https://www.google.com/maps/place/Aditya+mahiza/data=!4m7!3m6!1s0x2e0457606b74dbd1:0x2f7e8a106438959!8m2!3d-1.6297023!4d110.3507926!16s%2Fg%2F11k2xwrzgy!19sChIJ0dt0a2BXBC4RWYlDBqHo9wI?authuser=0&hl=en&rclk=1,,,,,,,,
Villa theras,Villa,"8XF4+328, Batu Layang, Cisarua, Bogor Regency, West Java 16750 ",,"-6.6769075, 106.9550919", Bogor ,https://www.google.com/maps/place/Villa+theras/data=!4m7!3m6!1s0x2e69b714119ef7c5:0xc124256e5cd39751!8m2!3d-6.6769075!4d106.9550919!16s%2Fg%2F11sm8s3vrc!19sChIJxfeeERS3aS4RUZfTXG4lJME?authuser=0&hl=en&rclk=1,4.6,36 reviews,phone:tel:08561909843, Open 24 hours,,,,
Komplek Villa Mas,Housing complex,"X823+W78, Jl. Petani, Sungai Jawi, Kec. Pontianak Kota, Kota Pontianak, Kalimantan Barat ",,"-0.0477161, 109.3031893",  Pontianak,https://www.google.com/maps/place/Komplek+Villa+Mas/data=!4m7!3m6!1s0x2e1d59143911ddab:0xfbaffc923caa2133!8m2!3d-0.0477161!4d109.3031893!16s%2Fg%2F11tc1w4p91!19sChIJq90RORRZHS4RMyGqPJL8r_s?authuser=0&hl=en&rclk=1,,,,,,,,
Villa imur pinyoh,Villa,"97V3+MJH, Kubangga, Teluk Keramat, Sambas Regency, West Kalimantan ",,"1.3953154, 109.2536285", Sambas ,https://www.google.com/maps/place/Villa+imur+pinyoh/data=!4m7!3m6!1s0x31e4bfa0bec04c9f:0x27cdf2991cefc2aa!8m2!3d1.3953154!4d109.2536285!16s%2Fg%2F11t491nlcc!19sChIJn0zAvqC_5DERqsLvHJnyzSc?authuser=0&hl=en&rclk=1,,,,,,,,
Villa Petra Ungaran,,"Jl. Nusa Indah No.18, Ungaran, Duren, Kec. Ungaran Bar., Kabupaten Semarang, Jawa Tengah 50614 ",,"-7.1370696, 110.402497",  Semarang,https://www.google.com/maps/place/Villa+Petra+Ungaran/data=!4m7!3m6!1s0x2e70861fe703520d:0x6c77ce3ba9da54c1!8m2!3d-7.1370696!4d110.402497!16s%2Fg%2F11g8g28zvm!19sChIJDVID5x-GcC4RwVTaqTvOd2w?authuser=0&hl=en&rclk=1,4.5,181 reviews,phone:tel:0246925005, Open 24 hours,,,,
Villa Petra Ungaran,,"Jl. Nusa Indah No.18, Ungaran, Duren, Kec. Ungaran Bar., Kabupaten Semarang, Jawa Tengah 50614 ",,"-7.1370696, 110.402497",  Semarang,https://www.google.com/maps/place/Villa+Petra+Ungaran/data=!4m10!3m9!1s0x2e70861fe703520d:0x6c77ce3ba9da54c1!5m2!4m1!1i2!8m2!3d-7.1370696!4d110.402497!16s%2Fg%2F11g8g28zvm!19sChIJDVID5x-GcC4RwVTaqTvOd2w?authuser=0&hl=en&rclk=1,4.5,181 reviews,phone:tel:0246925005, Open 24 hours,,,,
Villa Kurnia,,"W9RJ+2HH, Jl. Tj. Raya II, Kapur, Kec. Sungai Raya, Kota Pontianak, Kalimantan Barat 78243 ",,"-0.0599329, 109.3814807",  Pontianak,https://www.google.com/maps/place/Villa+Kurnia/data=!4m7!3m6!1s0x2e1d575819b0a999:0xba5304ea91f7d661!8m2!3d-0.0599329!4d109.3814807!16s%2Fg%2F11b6_hg45d!19sChIJmamwGVhXHS4RYdb3keoEU7o?authuser=0&hl=en&rclk=1,4.5,22 reviews,,,,,,
Rumah keluarga AJ,Villa,"87RM+PCV, Lumbang, Sambas, Sambas Regency, West Kalimantan 79462 ",,"1.3418625, 109.2835469", Sambas ,https://www.google.com/maps/place/Rumah+keluarga+AJ/data=!4m7!3m6!1s0x31e4bb94ac86ec69:0xed12dfebca54dd3f!8m2!3d1.3418625!4d109.2835469!16s%2Fg%2F11s1s4qnqg!19sChIJaeyGrJS75DERP91UyuvfEu0?authuser=0&hl=en&rclk=1,,,, Open 24 hours,,,,
Villa Green Hill,,"Cibeureum, Cisarua, Bogor Regency, West Java 16750 ",,"-6.7103474, 106.948452", Bogor ,https://www.google.com/maps/place/Villa+Green+Hill/data=!4m7!3m6!1s0x2e69b5377da56181:0xce4342dae08afafa!8m2!3d-6.7103474!4d106.948452!16s%2Fg%2F11g1slrhh_!19sChIJgWGlfTe1aS4R-vqK4NpCQ84?authuser=0&hl=en&rclk=1,4.7,227 reviews,phone:tel:082310648226, 8 AM to 10 PM,,https://thevillas100.com/villa/green-hill-villa/, Air-conditioned available ,
The Spa Villa Bintan,,"Km. 38 Jl. Pantai Trikora Teluk Bakau Bintan, Tlk. Bakau, Kec. Gn. Kijang, Bintan Island, Kepulauan Riau 29153 ",,"1.0387984, 104.6558198",,https://www.google.com/maps/place/The+Spa+Villa+Bintan/data=!4m10!3m9!1s0x31d961e5f345312d:0x1aee046a5218cb6b!5m2!4m1!1i2!8m2!3d1.0387984!4d104.6558198!16s%2Fg%2F12hrt5knz!19sChIJLTFF8-Vh2TERa8sYUmoE7ho?authuser=0&hl=en&rclk=1,4.2,595 reviews,phone:tel:+6596696353,,,http://bintanspavilla.com/, Free Wi-Fi available  |  Free breakfast available  |  Free parking available  |  Pool available  |  Air-conditioned available  |  Laundry service available  |  Pet-friendly unavailable  |  Beach access available  |  Room service available  |  Kid-friendly available  |  Restaurant available  |  Airport shuttle available  |  Hot tub available  |  Spa available  |  Fitness center unavailable ,
Komplek Villa Brata Indah No. D28,Condominium complex,"X76W+8CQ, Sungai Jawi, Pontianak Kota, Pontianak, West Kalimantan 78114 ",,"-0.0391566, 109.2961104", Pontianak ,https://www.google.com/maps/place/Komplek+Villa+Brata+Indah+No.+D28/data=!4m7!3m6!1s0x2e1d5966189cf171:0x8d5964a78723437!8m2!3d-0.0391566!4d109.2961104!16s%2Fg%2F11n169jt7b!19sChIJcfGcGGZZHS4RNzRyeEqW1Qg?authuser=0&hl=en&rclk=1,4.0,1 review,,,,,,
Vila Sambas Indah,Villa,"86W9+G7P, Mentibar, Kec. Sambas, Kabupaten Sambas, Kalimantan Barat 79462 ",,"1.3463461, 109.2181888",  Sambas,https://www.google.com/maps/place/Vila+Sambas+Indah/data=!4m7!3m6!1s0x31e4bd75479ebcd1:0x653f6b17d76d471b!8m2!3d1.3463461!4d109.2181888!16s%2Fg%2F11s1w4tmdr!19sChIJ0byeR3W95DERG0dt1xdrP2U?authuser=0&hl=en&rclk=1,,,, 8 to 10 AM,,,,
Villa Puncak by Plataran,,"Puncak Rd No.KM 84, North Tugu, Cisarua, Bogor Regency, West Java 16750 ",,"-6.6894329, 106.9623765", Bogor ,https://www.google.com/maps/place/Villa+Puncak+by+Plataran/data=!4m7!3m6!1s0x2e69b662379a5e4f:0xfabe912bcfae597a!8m2!3d-6.6894329!4d106.9623765!16s%2Fg%2F11b634wp9z!19sChIJT16aN2K2aS4RelmuzyuRvvo?authuser=0&hl=en&rclk=1,4.5,520 reviews,phone:tel:082110049400, Open 24 hours,,http://plataran.com/hotels-resorts/plataran-puncak, Free Wi-Fi available  |  Free breakfast available  |  Free parking available  |  Outdoor pool available  |  Laundry service available  |  Pet-friendly available  |  Restaurant available  |  Kitchen in all rooms available  |  Airport shuttle unavailable  |  Fitness center unavailable ,
Komplek Villa Anugrah Permai Residence,Townhouse complex,"Komplek Villa Anugrah Permai Residence, Blk. C-D Jl. Parit H. Muksin II, Sungai Raya, Kec. Sungai Raya, Kabupaten Kubu Raya, Kalimantan Barat 78391 ",,"-0.0989424, 109.3593601",  Kubu Raya,https://www.google.com/maps/place/Komplek+Villa+Anugrah+Permai+Residence/data=!4m7!3m6!1s0x2e1d5b8896b59a45:0x2057efd026a2d275!8m2!3d-0.0989424!4d109.3593601!16s%2Fg%2F11fmxqwnsc!19sChIJRZq1lohbHS4RddKiJtDvVyA?authuser=0&hl=en&rclk=1,4.9,12 reviews,phone:tel:082122796803, Open 24 hours,,,,
Terrace Villa Golf - Cisarua,,"Jl. Sindang Subur No.RT 03/13, Tugu Sel., Kec. Cisarua, Kabupaten Bogor, Jawa Barat 16750 ",,"-6.6906989, 106.9534559",  Bogor,https://www.google.com/maps/place/Terrace+Villa+Golf+-+Cisarua/data=!4m10!3m9!1s0x2e69b7d69b1f6ba7:0xdf89abbb23c9a500!5m2!4m1!1i2!8m2!3d-6.6906989!4d106.9534559!16s%2Fg%2F1pzsd9qv5!19sChIJp2sfm9a3aS4RAKXJI7urid8?authuser=0&hl=en&rclk=1,4.4,542 reviews,phone:tel:02518257616,,,https://terracevillagolf.wordpress.com/, Free Wi-Fi available  |  Free breakfast available  |  Free parking available  |  Indoor and outdoor pool available  |  Air-conditioned unavailable  |  Pet-friendly unavailable  |  Room service available  |  Kid-friendly available  |  Restaurant unavailable  |  Airport shuttle unavailable  |  Fitness center unavailable  |  Smoke-free available ,
Rumah Yayan,Villa,"C63W+PCR, Jl. Ahmad Yani, Tambatan, Kec. Tlk. Keramat, Kabupaten Sambas, Kalimantan Barat 79465 ",,"1.4043773, 109.2460694",  Sambas,https://www.google.com/maps/place/Rumah+Yayan/data=!4m7!3m6!1s0x31e4bfe286a87ef3:0xdb223d87f786b32a!8m2!3d1.4043773!4d109.2460694!16s%2Fg%2F11s8qlz0c_!19sChIJ836ohuK_5DERKrOG94c9Its?authuser=0&hl=en&rclk=1,,,,,,,,
RUMAH DINAS CAMAT AMBALAU,Villa,"QP36+RRJ, Nanga Kemangai, Ambalau, Sintang Regency, West Kalimantan 78684 ",,"-0.2454003, 112.7120226", Sintang ,https://www.google.com/maps/place/RUMAH+DINAS+CAMAT+AMBALAU/data=!4m7!3m6!1s0x2dffe1c0d17bb3b1:0x543e23e3fc314aab!8m2!3d-0.2454003!4d112.7120226!16s%2Fg%2F11j_2hcysc!19sChIJsbN70cDh_y0Rq0ox_OMjPlQ?authuser=0&hl=en&rclk=1,,,,,,,,
Villa Puncak 2,Hotel,"Jalan Raya Cibogo 2 Puncak RT.05/RW.02, Megamendung, Cipayung Datar, Kec. Megamendung, Kabupaten Bogor, Jawa Barat 16770 ",,"-6.6552782, 106.8813411",  Bogor,https://www.google.com/maps/place/Villa+Puncak+2/data=!4m7!3m6!1s0x2e69c845eb5f3f3b:0xf6bee5cae919465e!8m2!3d-6.6552782!4d106.8813411!16s%2Fg%2F11c75sghbp!19sChIJOz9f60XIaS4RXkYZ6crlvvY?authuser=0&hl=en&rclk=1,3.8,6 reviews,,,,,,
Villa Sejahtera 6,Condominium complex,"9869+3X9 Villa Sejahtera 6, Jl. Sultan Moh. Tsyafiuddin No.133, Dalam Kaum, Kec. Sambas, Kabupaten Sambas, Kalimantan Barat 79462 ",,"1.3590732, 109.3188597",  Sambas,https://www.google.com/maps/place/Villa+Sejahtera+6/data=!4m7!3m6!1s0x31e4bb16e8dcd021:0xd49194032f354c40!8m2!3d1.3590732!4d109.3188597!16s%2Fg%2F11ppk8kslk!19sChIJIdDc6Ba75DERQEw1LwOUkdQ?authuser=0&hl=en&rclk=1,5.0,3 reviews,,,,,,
Jono Mentajoi,Villa,"JJ32+86Q, Mentajoi, Serawai, Sintang Regency, West Kalimantan 78683 ",,"-0.3966555, 112.6006246", Sintang ,https://www.google.com/maps/place/Jono+Mentajoi/data=!4m7!3m6!1s0x2e0077813f131ed9:0x6c753eeb6431eded!8m2!3d-0.3966555!4d112.6006246!16s%2Fg%2F11q418cgby!19sChIJ2R4TP4F3AC4R7e0xZOs-dWw?authuser=0&hl=en&rclk=1,,,,,,,,
Villa sejahtera 4 Blok G 16,Shopping mall,"987J+VH5, Dusun Jl. Sukaramai, Dalam Kaum, Kec. Sambas, Kabupaten Sambas, Kalimantan Barat 79462 ",,"1.3646389, 109.331473",  Sambas,https://www.google.com/maps/place/Villa+sejahtera+4+Blok+G+16/data=!4m7!3m6!1s0x31e4b97a648ca571:0x181bf3af74ed97b1!8m2!3d1.3646389!4d109.331473!16s%2Fg%2F11fsyldqvs!19sChIJcaWMZHq55DERsZftdK_zGxg?authuser=0&hl=en&rclk=1,4.7,7 reviews,, Open 24 hours,,,,
Damrandos',Transportation service,"Perumahan villa nabila blok A no 17, taman pahlawan, Nanga Sakai, Kec. Ambalau, Kabupaten Sintang, Kalimantan Barat 78684 ",,"-0.1369233, 112.8120414",  Sintang,https://www.google.com/maps/place/Damrandos'/data=!4m7!3m6!1s0x2dfff1ab31cfd371:0x4dfdb85de75064ee!8m2!3d-0.1369233!4d112.8120414!16s%2Fg%2F11h75jg9rn!19sChIJcdPPMavx_y0R7mRQ5124_U0?authuser=0&hl=en&rclk=1,,,phone:tel:081521929677, Open 24 hours,,,,
Villa Benua Indah,Gated community,"Dalam Kaum, Sambas, Sambas Regency, West Kalimantan 79462 ",,"1.3520046, 109.3339892", Sambas ,https://www.google.com/maps/place/Villa+Benua+Indah/data=!4m7!3m6!1s0x31e4bb02a7dc55e7:0x77b37c4b460baf57!8m2!3d1.3520046!4d109.3339892!16s%2Fg%2F11jkn08gp3!19sChIJ51XcpwK75DERV68LRkt8s3c?authuser=0&hl=en&rclk=1,5.0,4 reviews,, Open 24 hours,,,,
JOE VILLA,Lodge,"Bika, Kapuas Hulu Regency, West Kalimantan 78753 ",,"0.8143502, 112.8331486", Kapuas Hulu ,https://www.google.com/maps/place/JOE+VILLA/data=!4m7!3m6!1s0x3201c37feeb523bf:0xdb4c802bf6b933ba!8m2!3d0.8143502!4d112.8331486!16s%2Fg%2F11mb4rc2vw!19sChIJvyO17n_DATIRujO59iuATNs?authuser=0&hl=en&rclk=1,,,,,,,,
GOR SEJANGKUNG,Villa,"C8GF+648, Parit Raja, Sejangkung, Sambas Regency, West Kalimantan 79463 ",,"1.4266014, 109.3230827", Sambas ,https://www.google.com/maps/place/GOR+SEJANGKUNG/data=!4m7!3m6!1s0x31e4b9103ff55a8f:0x3a806cfe11923548!8m2!3d1.4266014!4d109.3230827!16s%2Fg%2F11k4st_h7b!19sChIJj1r1PxC55DERSDWSEf5sgDo?authuser=0&hl=en&rclk=1,,,,,,,,
Komplek villa sejahtera 5,Lodging,"87RM+JFF, Lumbang, Sambas, Sambas Regency, West Kalimantan 79462 ",,"1.3415542, 109.2836643", Sambas ,https://www.google.com/maps/place/Komplek+villa+sejahtera+5/data=!4m7!3m6!1s0x31e4bb0ef1b32441:0x9925ce8ef8113e20!8m2!3d1.3415542!4d109.2836643!16s%2Fg%2F11h9b9q37m!19sChIJQSSz8Q675DERID4R-I7OJZk?authuser=0&hl=en&rclk=1,3.6,10 reviews,,,,,,
Xhing Xheng Super Idol,Villa,"VWPG+5HC, Jl. Lintas Utara, Putussibau Kota, Kec. Putussibau Utara, Kabupaten Kapuas Hulu, Kalimantan Barat 78752 ",,"0.885426, 112.9263921",  Kapuas Hulu,https://www.google.com/maps/place/Xhing+Xheng+Super+Idol/data=!4m7!3m6!1s0x3201eb3a454738e1:0xf7845e6828e290bd!8m2!3d0.885426!4d112.9263921!16s%2Fg%2F11rdvsycj5!19sChIJ4ThHRTrrATIRvZDiKGhehPc?authuser=0&hl=en&rclk=1,,,,,,,,
Penginapan Kedamin Indah,Lodge,"Kedamin Hulu, Putussibau Selatan, Kapuas Hulu Regency, West Kalimantan 78753 ",,"0.8313058, 112.9324187", Kapuas Hulu ,https://www.google.com/maps/place/Penginapan+Kedamin+Indah/data=!4m7!3m6!1s0x3201ea7518d5d159:0x9123f102e77530b!8m2!3d0.8313058!4d112.9324187!16s%2Fg%2F11f2wpx250!19sChIJWdHVGHXqATIRC1N3LhA_Egk?authuser=0&hl=en&rclk=1,3.9,80 reviews,phone:tel:082245154333,,,,,
Diki,Villa,"963P+Q2X, Unnamed Road, Gapura, Kec. Sambas, Kabupaten Sambas, Kalimantan Barat 79462 ",,"1.354478, 109.235101",  Sambas,https://www.google.com/maps/place/Diki/data=!4m7!3m6!1s0x31e4bd4ac0858e3f:0x33cfef3b0266f726!8m2!3d1.354478!4d109.235101!16s%2Fg%2F11sr9lw7rs!19sChIJP46FwEq95DERJvdmAjvvzzM?authuser=0&hl=en&rclk=1,,,,,,,,
Villa Mawar,Villa,"XWWF+MQC, Mungguk, Sekadau Hilir, Sekadau Regency, West Kalimantan 79516 ",,"-0.0033073, 110.9243799", Sekadau ,https://www.google.com/maps/place/Villa+Mawar/data=!4m7!3m6!1s0x2e0207a28577f58f:0xa759889573395a7f!8m2!3d-0.0033073!4d110.9243799!16s%2Fg%2F11n18j0yjl!19sChIJj_V3haIHAi4Rf1o5c5WIWac?authuser=0&hl=en&rclk=1,,,,,,,,
Komplek Villa Asri,Park,"982M+PV6, Jl. Pembangunan, Dalam Kaum, Kec. Sambas, Kabupaten Sambas, Kalimantan Barat 79462 ",,"1.3517773, 109.3346447",  Sambas,https://www.google.com/maps/place/Komplek+Villa+Asri/data=!4m7!3m6!1s0x31e4ba2d613d297f:0x3ff2b9a3a75adc65!8m2!3d1.3517773!4d109.3346447!16s%2Fg%2F11bv_dn46f!19sChIJfyk9YS265DERZdxap6O58j8?authuser=0&hl=en&rclk=1,4.3,72 reviews,, 5 AM to 12 AM,,,,
AntSwanny,Villa,"2VCJ+4Q5, Sungai Ringin, Sekadau Hilir, Sekadau Regency, West Kalimantan 79516 ",,"0.0215217, 110.882565", Sekadau ,https://www.google.com/maps/place/AntSwanny/data=!4m7!3m6!1s0x31fdf753b0e3fe0f:0x14720ae67444ae98!8m2!3d0.0215217!4d110.882565!16s%2Fg%2F11s19cnykd!19sChIJD_7jsFP3_TERmK5EdOYKchQ?authuser=0&hl=en&rclk=1,,,,,,,,
Rumah Kelvin,Villa,"F8W2+HJW, Jl. Parit Baru, Kuala Pangkalan Keramat, Kec. Tlk. Keramat, Kabupaten Sambas, Kalimantan Barat 79465 ",,"1.497411, 109.301287",  Sambas,https://www.google.com/maps/place/Rumah+Kelvin/data=!4m7!3m6!1s0x31e4c715de98b135:0x353610a4b8353ac3!8m2!3d1.497411!4d109.301287!16s%2Fg%2F11szfgmh0m!19sChIJNbGY3hXH5DERwzo1uKQQNjU?authuser=0&hl=en&rclk=1,,,,,,,,
Villa Asto Griya Mandiri,Gated community,"2W73+QQ5, Tanjung, Sekadau Hilir, Sekadau Regency, West Kalimantan 79516 ",,"0.0143753, 110.9044746", Sekadau ,https://www.google.com/maps/place/Villa+Asto+Griya+Mandiri/data=!4m7!3m6!1s0x31fdf81e40a6e883:0xedf6fee5630d7418!8m2!3d0.0143753!4d110.9044746!16s%2Fg%2F11bxfdnrm3!19sChIJg-imQB74_TERGHQNY-X-9u0?authuser=0&hl=en&rclk=1,4.4,37 reviews,, Open 24 hours,,,,
Villa indah Boord,Transportation service,"97J6+4JR, Kartiasa, Sambas, Sambas Regency, West Kalimantan 79463 ",,"1.380741, 109.2604702", Sambas ,https://www.google.com/maps/place/Villa+indah+Boord/data=!4m7!3m6!1s0x31e4bf42414cd67f:0xcdab4f5a34a770be!8m2!3d1.380741!4d109.2604702!16s%2Fg%2F11s9596bll!19sChIJf9ZMQUK_5DERvnCnNFpPq80?authuser=0&hl=en&rclk=1,1.0,1 review,,,,,,
Djd Homestay,Villa,"VV55+78X, RT.Kenaya/RW.Kenaya, Kenaya, Rawak Hulu, Kec. Sekadau Hulu, Kabupaten Sekadau, Kalimantan Barat 79583 ",,"-0.1417626, 110.858355",  Sekadau,https://www.google.com/maps/place/Djd+Homestay/data=!4m7!3m6!1s0x2e02114856c012d7:0x44697cd6bf4e29e0!8m2!3d-0.1417626!4d110.858355!16s%2Fg%2F11qgz14_mr!19sChIJ1xLAVkgRAi4R4ClOv9Z8aUQ?authuser=0&hl=en&rclk=1,4.0,2 reviews,phone:tel:085828314437, Open 24 hours,,http://www.djdhomestay.blogsopt.com/,,
Rumah Yasir,Villa,"C938+XQX, Tengguli, Sajad, Sambas Regency, West Kalimantan 79463 ",,"1.4049892, 109.3669867", Sambas ,https://www.google.com/maps/place/Rumah+Yasir/data=!4m7!3m6!1s0x31e4b95e07820527:0xe3b57eeb7af07987!8m2!3d1.4049892!4d109.3669867!16s%2Fg%2F11tg5s9cz2!19sChIJJwWCB1655DERh3nweut-teM?authuser=0&hl=en&rclk=1,,,,,,,,
GANTANGAN SUNGAI BARAK,Villa,"Jl. Keramat No.35, RT.05/RW.02, Mungguk, Kec. Sekadau Hilir, Kabupaten Sekadau, Kalimantan Barat 79511 ",,"0.0161758, 110.9004166",  Sekadau,https://www.google.com/maps/place/GANTANGAN+SUNGAI+BARAK/data=!4m7!3m6!1s0x31fdf7d0d7cf2d07:0xac40683560880b69!8m2!3d0.0161758!4d110.9004166!16s%2Fg%2F11rsh4w471!19sChIJBy3P19D3_TERaQuIYDVoQKw?authuser=0&hl=en&rclk=1,,,,,,,,
Villa Kukuh,Indoor lodging,"F6GC+CRP, Jl. Jembatan Besi, Sekura, Kec. Tlk. Keramat, Kabupaten Sambas, Kalimantan Barat 79465 ",,"1.476092, 109.2220904",  Sambas,https://www.google.com/maps/place/Villa+Kukuh/data=!4m7!3m6!1s0x31e4c125c48ae2c1:0x3eacdf7175d23bdc!8m2!3d1.476092!4d109.2220904!16s%2Fg%2F11flc00gpw!19sChIJweKKxCXB5DER3DvSdXHfrD4?authuser=0&hl=en&rclk=1,,,phone:tel:081310867811,,,,,
Aulia Ilham,Villa,"2668+55Q, Lengkenat, Sepauk, Sintang Regency, West Kalimantan ",,"0.0104729, 111.215473", Sintang ,https://www.google.com/maps/place/Aulia+Ilham/data=!4m7!3m6!1s0x31fe03f4c2375c0b:0x88b77d6923bb4ca9!8m2!3d0.0104729!4d111.215473!16s%2Fg%2F11k3dng2x1!19sChIJC1w3wvQD_jERqUy7I2l9t4g?authuser=0&hl=en&rclk=1,,,,,,,,
VILLA FIRDAUS,Corporate office,"88XP+RJM, Jl. Sambas - Ledo, Dalam Kaum, Kec. Sambas, Kabupaten Sambas, Kalimantan Barat 79462 ",,"1.3495822, 109.3365494",  Sambas,https://www.google.com/maps/place/VILLA+FIRDAUS/data=!4m7!3m6!1s0x31e4bb8b1963fc2f:0x8d62b6b77a5cda62!8m2!3d1.3495822!4d109.3365494!16s%2Fg%2F11h3k1c_6z!19sChIJL_xjGYu75DERYtpcere2Yo0?authuser=0&hl=en&rclk=1,,,phone:tel:085822750001,,,,,
AKMAL RAMADHAN,Villa,"46PM+4FJ, Jl. H. M Saleh Ali, Belitang Dua, Kec. Belitang, Kabupaten Sekadau, Kalimantan Barat ",,"0.1353786, 111.2337111",  Sekadau,https://www.google.com/maps/place/AKMAL+RAMADHAN/data=!4m7!3m6!1s0x31fe05b57782eb09:0x4ea87eec07c1fed3!8m2!3d0.1353786!4d111.2337111!16s%2Fg%2F11k3d6m1pk!19sChIJCeuCd7UF_jER0_7BB-x-qE4?authuser=0&hl=en&rclk=1,,,,,,,,
Villa Maguhon 80 D,Gated community,"983M+4WG, Jl. Lubuk Lagak, Lubuk Dagang, Kec. Sambas, Kabupaten Sambas, Kalimantan Barat 79462 ",,"1.3528144, 109.3348177",  Sambas,https://www.google.com/maps/place/Villa+Maguhon+80+D/data=!4m7!3m6!1s0x31e4bbc73f4ec82d:0x9c296c5a8ca7c4ee!8m2!3d1.3528144!4d109.3348177!16s%2Fg%2F11jmv6_b7p!19sChIJLchOP8e75DER7sSnjFpsKZw?authuser=0&hl=en&rclk=1,4.5,2 reviews,,,,,,
Febry SKP,Villa,"2VCJ+GX2, Sungai Ringin, Sekadau Hilir, Sekadau Regency, West Kalimantan 79516 ",,"0.0213199, 110.8832484", Sekadau ,https://www.google.com/maps/place/Febry+SKP/data=!4m7!3m6!1s0x31fdf780e0237287:0xdb493091aafa788a!8m2!3d0.0213199!4d110.8832484!16s%2Fg%2F11rv3vm_t_!19sChIJh3Ij4ID3_TERinj6qpEwSds?authuser=0&hl=en&rclk=1,,,,,,,,
Villa Daffa Aila,Villa,"HC78+WJM, Sijang, Galing, Sambas Regency, West Kalimantan 79453 ",,"1.5648308, 109.416555", Sambas ,https://www.google.com/maps/place/Villa+Daffa+Aila/data=!4m7!3m6!1s0x31e4cfb303a2f599:0x9570c744a29f4bcb!8m2!3d1.5648308!4d109.416555!16s%2Fg%2F11pw5fjbym!19sChIJmfWiA7PP5DERy0ufokTHcJU?authuser=0&hl=en&rclk=1,,,,,,,,
Khaila Villa,Villa,"Jl. MAN 6 No.28, RT.10/RW.4, Dukuh, Kec. Kramat jati, Kota Jakarta Timur, Daerah Khusus Ibukota Jakarta 13550 ",,"-6.3017826, 106.8791619",  Jakarta Timur,https://www.google.com/maps/place/Khaila+Villa/data=!4m7!3m6!1s0x2e69ed01e39bf60f:0xe7c87833c7f22da5!8m2!3d-6.3017826!4d106.8791619!16s%2Fg%2F11rk217w78!19sChIJD_ab4wHtaS4RpS3yxzN4yOc?authuser=0&hl=en&rclk=1,5.0,35 reviews,phone:tel:08119120404, 9 AM to 5 PM,,http://airbnb.com/h/khailavilla,,
Villa Dira,,"Jl. Sukamaju 1 No.29A, Tugu Sel., Kec. Cisarua, Kabupaten Bogor, Jawa Barat 16750 ",,"-6.6983054, 106.9589663",  Bogor,https://www.google.com/maps/place/Villa+Dira/data=!4m10!3m9!1s0x2e69b743e9c7ef31:0xc23b33bf366ef963!5m2!4m1!1i2!8m2!3d-6.6983054!4d106.9589663!16s%2Fg%2F11lgx6jgs4!19sChIJMe_H6UO3aS4RY_luNr8zO8I?authuser=0&hl=en&rclk=1,4.9,25 reviews,phone:tel:081380108584,,,,,
Jarno,Villa,"Rt 001/ Rw 001 Dsn. Limau, Mulia, Kec. Tlk. Keramat, Kabupaten Sambas, Kalimantan Barat 79465 ",,"1.5515108, 109.2053444",  Sambas,https://www.google.com/maps/place/Jarno/data=!4m7!3m6!1s0x31e4c37918c9152b:0xf77e27af81f0684a!8m2!3d1.5515108!4d109.2053444!16s%2Fg%2F11ftm2bw6m!19sChIJKxXJGHnD5DERSmjwga8nfvc?authuser=0&hl=en&rclk=1,5.0,2 reviews,, Open 24 hours,,,,
Villa Casablanca & Rosenheim,Villa,"7XQ2+6JM, Cibeureum, Cisarua, Bogor Regency, West Java 16750 ",,"-6.7119127, 106.9515415", Bogor ,https://www.google.com/maps/place/Villa+Casablanca+%26+Rosenheim/data=!4m7!3m6!1s0x2e69b5c8db56a3e1:0x1e43cd73ab554163!8m2!3d-6.7119127!4d106.9515415!16s%2Fg%2F11q1v4smzp!19sChIJ4aNW28i1aS4RY0FVq3PNQx4?authuser=0&hl=en&rclk=1,4.5,48 reviews,phone:tel:082213359848, Open 24 hours,,,,
Kompleks Villa Sejahtera V,Residential college,"87RM+W8C, Lumbang, Sambas, Sambas Regency, West Kalimantan 79462 ",,"1.3423218, 109.2832517", Sambas ,https://www.google.com/maps/place/Kompleks+Villa+Sejahtera+V/data=!4m7!3m6!1s0x31e4bb12f4127be3:0x6e476b86f347d12d!8m2!3d1.3423218!4d109.2832517!16s%2Fg%2F11j0ht85t0!19sChIJ43sS9BK75DERLdFH84ZrR24?authuser=0&hl=en&rclk=1,3.5,2 reviews,,,,,,
Villa stella,,"Sukamaju, Megamendung, Bogor Regency, West Java 16770 ",,"-6.6857992, 106.8856889", Bogor ,https://www.google.com/maps/place/Villa+stella/data=!4m10!3m9!1s0x2e69c9f9c81e7d13:0x81e73cbb3f76e006!5m2!4m1!1i2!8m2!3d-6.6857992!4d106.8856889!16s%2Fg%2F11ns54wzpj!19sChIJE30eyPnJaS4RBuB2P7s854E?authuser=0&hl=en&rclk=1,4.4,80 reviews,phone:tel:08993118865, Open 24 hours,,http://www.thevillas100.com/,,
Rohit,Villa,"75V3+MQP, Unnamed Road, Merubung, Kec. Tekarang, Kabupaten Sambas, Kalimantan Barat 79465 ",,"1.294206, 109.1544561",  Sambas,https://www.google.com/maps/place/Rohit/data=!4m7!3m6!1s0x31e497b439246557:0x76af7cff76e64f34!8m2!3d1.294206!4d109.1544561!16s%2Fg%2F11qswjs1wh!19sChIJV2UkObSX5DERNE_mdv98r3Y?authuser=0&hl=en&rclk=1,,,, Closed,,,,
Holiday Villa Dago,Villa,"Jl. Dago Pakar Permai II No.40, Mekarsaluyu, Kec. Cimenyan, Kabupaten Bandung, Jawa Barat 40198 ",,"-6.865677, 107.637075",  Bandung,https://www.google.com/maps/place/Holiday+Villa+Dago/data=!4m7!3m6!1s0x2e68e74225de79c3:0x83bab90855f2ae83!8m2!3d-6.865677!4d107.637075!16s%2Fg%2F11b7w273_6!19sChIJw3neJULnaC4Rg67yVQi5uoM?authuser=0&hl=en&rclk=1,4.7,467 reviews,phone:tel:02220457987,,,http://www.holidayvilladago.com/,,
ayah homestay,Villa,"G6RR+FJJ, Pipit Teja, Teluk Keramat, Sambas Regency, West Kalimantan ",,"1.5412187, 109.2415233", Sambas ,https://www.google.com/maps/place/ayah+homestay/data=!4m7!3m6!1s0x31e4c37bb4a9156f:0x613c280673013c9c!8m2!3d1.5412187!4d109.2415233!16s%2Fg%2F11k9q660nh!19sChIJbxWptHvD5DERnDwBcwYoPGE?authuser=0&hl=en&rclk=1,,,,,,,,
Dago Village,,"Jalan Pakar Timur, Ciburial, Cimenyan, Ciburial, Kec. Cimenyan, Kabupaten Bandung, Jawa Barat 40198 ",,"-6.8550366, 107.6477278",  Bandung,https://www.google.com/maps/place/Dago+Village/data=!4m10!3m9!1s0x2e68e74798aa41af:0xeaa7977c557b06e5!5m2!4m1!1i2!8m2!3d-6.8550366!4d107.6477278!16s%2Fg%2F11xt0_1m_!19sChIJr0GqmEfnaC4R5QZ7VXyXp-o?authuser=0&hl=en&rclk=1,4.6,344 reviews,, Open 24 hours,,,,
Kos 77,Indoor lodging,"983M+3W4, Jl. Pembangunan, Dalam Kaum, Kec. Sambas, Kabupaten Sambas, Kalimantan Barat 79462 ",,"1.3526352, 109.3348177",  Sambas,https://www.google.com/maps/place/Kos+77/data=!4m7!3m6!1s0x31e4bb3625a821ef:0xd93c331eb64ff184!8m2!3d1.3526352!4d109.3348177!16s%2Fg%2F11h6v7k494!19sChIJ7yGoJTa75DERhPFPth4zPNk?authuser=0&hl=en&rclk=1,4.5,4 reviews,phone:tel:085752181770,,,,,
Villa Tiandiva,Villa,"Jl. Padat Karya No.1, Batu Layang, Kec. Cisarua, Kabupaten Bogor, Jawa Barat 16750 ",,"-6.6698871, 106.9432682",  Bogor,https://www.google.com/maps/place/Villa+Tiandiva/data=!4m7!3m6!1s0x2e69b64ea25ab853:0x4247cd94528af786!8m2!3d-6.6698871!4d106.9432682!16s%2Fg%2F11cltt_9tk!19sChIJU7haok62aS4RhveKUpTNR0I?authuser=0&hl=en&rclk=1,4.3,173 reviews,phone:tel:02518257121,,,https://www.instagram.com/explore/locations/525941169/villa-tiandiva-cisarua?hl=en,,
Kost Putri Villa Bintaro Indah Jombang Tangerang Selatan,Extended stay hotel,"Jl. Komp. Villa Bintaro Indah No.3, Jombang, Kec. Ciputat, Kota Tangerang Selatan, Banten 15414 ",,"-6.296806, 106.7049591",  Tangerang Selatan,https://www.google.com/maps/place/Kost+Putri+Villa+Bintaro+Indah+Jombang+Tangerang+Selatan/data=!4m7!3m6!1s0x2e69fab76cdecfc7:0x8e4f6e39ee99a4bd!8m2!3d-6.296806!4d106.7049591!16s%2Fg%2F11f2w7fd8b!19sChIJx8_ebLf6aS4RvaSZ7jluT44?authuser=0&hl=en&rclk=1,,(18),phone:tel:08561070268,. ,,,,
Villa Bulakan,Tourist attraction,"VX6H+5J, Cikedung, Mancak, Serang Regency, Banten 42165 ",,"-6.1336441, 105.9843365", Serang ,https://www.google.com/maps/place/Villa+Bulakan/data=!4m7!3m6!1s0x2e41894734f6a859:0x4a05254557b736bc!8m2!3d-6.1336441!4d105.9843365!16s%2Fg%2F11tmv1drk3!19sChIJWaj2NEeJQS4RvDa3V0UlBUo?authuser=0&hl=en&rclk=1,,(1),,,,,,
Penginapan Nyraa,Villa,"2JJ6+X4, Dayung, Ledo, Bengkayang Regency, West Kalimantan 79283 ",,"1.0323914, 109.6103365", Bengkayang ,https://www.google.com/maps/place/Penginapan+Nyraa/data=!4m7!3m6!1s0x31fcadf374616ccb:0x464ba5e3b01479f2!8m2!3d1.0323914!4d109.6103365!16s%2Fg%2F11szdxrhx_!19sChIJy2xhdPOt_DER8nkUsOOlS0Y?authuser=0&hl=en&rclk=1,,(1),,,,,,
Airy Eco Singkawang Barat Diponegoro 32,,"Jl. P. Diponegoro No.25 & 32, Melayu, Kec. Singkawang Bar., Kota Singkawang, Kalimantan Barat 79111 ",,"0.9102336, 108.9887281",  Singkawang,https://www.google.com/maps/place/Airy+Eco+Singkawang+Barat+Diponegoro+32/data=!4m10!3m9!1s0x31e3726f7f2c3cab:0x53fda8ecd5d10ff9!5m2!4m1!1i2!8m2!3d0.9102336!4d108.9887281!16s%2Fg%2F11f3wc4sz4!19sChIJqzwsf29y4zER-Q_R1eyo_VM?authuser=0&hl=en&rclk=1,,(101),phone:tel:08041112479,,,, Free Wi-Fi available  |  Free breakfast unavailable  |  Free parking available  |  Pool unavailable  |  Kid-friendly available  |  Fitness center unavailable ,
Villa Kongkow Cikeas,Lodging,"W4Q6+9GG, Jl. Pejaten Mas 4, Pejaten Mas, Kec. Kramatwatu, Kabupaten Serang, Banten 42616 ",,"-6.0615526, 106.1113179",  Serang,https://www.google.com/maps/place/Villa+Kongkow+Cikeas/data=!4m7!3m6!1s0x2e418d4499ad989b:0xb7a208102ce43a60!8m2!3d-6.0615526!4d106.1113179!16s%2Fg%2F11hz0wyc1g!19sChIJm5itmUSNQS4RYDrkLBAIorc?authuser=0&hl=en&rclk=1,,(1),,,,,,
Velik Kosasih,Villa,"4MWX+Q8M, Sahan, Seluas, Bengkayang Regency, West Kalimantan ",,"1.1469727, 109.6982982", Bengkayang ,https://www.google.com/maps/place/Velik+Kosasih/data=!4m7!3m6!1s0x31fb570e7ba4482f:0x5609d0b9e9196e81!8m2!3d1.1469727!4d109.6982982!16s%2Fg%2F11s4dn5_lh!19sChIJL0ikew5X-zERgW4Z6bnQCVY?authuser=0&hl=en&rclk=1,,,,,,,,
Guest House Pasiran Singkawang,,"Jl. Yohana Godang No.66B, Pasiran, Kec. Singkawang Bar., Kota Singkawang, Kalimantan Barat 79123 ",,"0.8969214, 108.9830301",  Singkawang,https://www.google.com/maps/place/Guest+House+Pasiran+Singkawang/data=!4m10!3m9!1s0x31e373da59d41393:0x1ab8a60a3a8a5504!5m2!4m1!1i2!8m2!3d0.8969214!4d108.9830301!16s%2Fg%2F11g0yxw7f0!19sChIJkxPUWdpz4zERBFWKOgqmuBo?authuser=0&hl=en&rclk=1,,(24),phone:tel:089624208900,,,, Free Wi-Fi available  |  Free breakfast unavailable  |  Free parking available  |  Pool unavailable  |  Air-conditioned unavailable  |  Restaurant unavailable  |  Fitness center unavailable ,
Villa Gokasi,Lodging,"X32C+5M7, Jl. Raya Waringin Kurung, Margatani, Kec. Kramatwatu, Kabupaten Serang, Banten 42453 ",,"-6.0495949, 106.071676",  Serang,https://www.google.com/maps/place/Villa+Gokasi/data=!4m7!3m6!1s0x2e418dd0eba00fad:0x6bc6c9cf4e7fe83!8m2!3d-6.0495949!4d106.071676!16s%2Fg%2F11lgt3l2w6!19sChIJrQ-g69CNQS4Rg_7n9JxsvAY?authuser=0&hl=en&rclk=1,,,,,,,,
Umar,Villa,"4HG8+QXR, Desa, Suka Damai, Kec. Ledo, Kabupaten Bengkayang, Kalimantan Barat 79283 ",,"1.1269875, 109.5673906",  Bengkayang,https://www.google.com/maps/place/Umar/data=!4m7!3m6!1s0x31e3557da32cd6bd:0x445c802742170416!8m2!3d1.1269875!4d109.5673906!16s%2Fg%2F11jzv5pqbn!19sChIJvdYso31V4zERFgQXQieAXEQ?authuser=0&hl=en&rclk=1,,,,,,,,
Masjid Naqsabandiy,Mosque,"VXVF+22C, Pasiran, Singkawang Barat, Singkawang City, West Kalimantan 79123 ",,"0.8925568, 108.9725271", Singkawang ,https://www.google.com/maps/place/Masjid+Naqsabandiy/data=!4m7!3m6!1s0x31e372f55f8932b9:0xcf91f9b0f930f648!8m2!3d0.8925568!4d108.9725271!16s%2Fg%2F11cn8xvy7m!19sChIJuTKJX_Vy4zERSPYw-bD5kc8?authuser=0&hl=en&rclk=1,,(14),,,,,,
VILLA CIDANGHIANG KP BARUGBUG,Campground,"Q2RH+4QW, Jl. Raya Palka, Kadubeureum, Kec. Pabuaran, Kabupaten Serang, Banten 42164 ",,"-6.2100056, 106.0295691",  Serang,https://www.google.com/maps/place/VILLA+CIDANGHIANG+KP+BARUGBUG/data=!4m7!3m6!1s0x2e4227f553ecd0a1:0x5527cd2448b6304e!8m2!3d-6.2100056!4d106.0295691!16s%2Fg%2F11s4szgtl6!19sChIJodDsU_UnQi4RTjC2SCTNJ1U?authuser=0&hl=en&rclk=1,,(4),,,,,,
MA Villa  Pasir Putih Village,Villa,"7RHW+8QJ, Desa, Pasir Putih, Kec. Seluas, Kabupaten Bengkayang, Kalimantan Barat 79286 ",,"1.2783436, 109.8468761",  Bengkayang,https://www.google.com/maps/place/MA+Villa+-+Pasir+Putih+Village/data=!4m7!3m6!1s0x31fb5bf9df6a7235:0xa555f815b671421f!8m2!3d1.2783436!4d109.8468761!16s%2Fg%2F11jm4rxsyj!19sChIJNXJq3_lb-zERH0JxthX4VaU?authuser=0&hl=en&rclk=1,,,,,,,,
Grand Makassar Inn Singkawang,,"Jalan Kridasana GG Makassar, Pasiran, Kec. Singkawang Bar., Kota Singkawang, Kalimantan Barat 79123 ",,"0.8971075, 108.9877108",  Singkawang,https://www.google.com/maps/place/Grand+Makassar+Inn+Singkawang/data=!4m7!3m6!1s0x31e373828f8537a7:0x71f61573fb8dfb4c!8m2!3d0.8971075!4d108.9877108!16s%2Fg%2F11mk7d68sc!19sChIJpzeFj4Jz4zERTPuN-3MV9nE?authuser=0&hl=en&rclk=1,,(147),phone:tel:081395852421,,,, Free Wi-Fi available  |  Free breakfast unavailable  |  Free parking available  |  Pool unavailable  |  Fitness center unavailable ,
villa ngawi ,Playground,"V498+F3X, Kuranji, Taktakan, Serang City, Banten 42162 ",,"-6.131274, 106.114622", Serang ,https://www.google.com/maps/place/villa+ngawi+%E2%9C%8B%F0%9F%98%85%F0%9F%A4%9A/data=!4m7!3m6!1s0x2e418b40d760de75:0x337ede82713cd905!8m2!3d-6.131274!4d106.114622!16s%2Fg%2F11tjv0j2bp!19sChIJdd5g10CLQS4RBdk8cYLefjM?authuser=0&hl=en&rclk=1,,,,,,,,
VILLA HERI,Corporate office,"5M8P+J2Q, Sango, Sanggau Ledo, kab. bengkayang, West Kalimantan 79284 ",,"1.1665957, 109.6850983",,https://www.google.com/maps/place/VILLA+HERI/data=!4m7!3m6!1s0x31fb57531c57d4ff:0xed3c9fcc95dc3ccb!8m2!3d1.1665957!4d109.6850983!16s%2Fg%2F11fmkw7q62!19sChIJ_9RXHFNX-zERyzzclcyfPO0?authuser=0&hl=en&rclk=1,,(1),phone:tel:085246724884, Open 24 hours,,,,
Villa Ubud Anyer Gapura Prima,Custom home builder,"VVRM+C3X, Jl. Villa Ubud Anyer, Bandulu, Kec. Anyar, Kota Cilegon, Banten 42166 ",,"-6.1088951, 105.8827266",  Cilegon,https://www.google.com/maps/place/Villa+Ubud+Anyer+Gapura+Prima/data=!4m7!3m6!1s0x2e4186c904eb75db:0x77063819921408f4!8m2!3d-6.1088951!4d105.8827266!16s%2Fg%2F11bzsdpywx!19sChIJ23XrBMmGQS4R9AgUkhk4Bnc?authuser=0&hl=en&rclk=1,,(30),phone:tel:081315752680, Open 24 hours,,,,
Villa kebun,Housing development,"5HG2+RJ7, Danti, Sanggau Ledo, Bengkayang Regency, West Kalimantan ",,"1.1770479, 109.5515555", Bengkayang ,https://www.google.com/maps/place/Villa+kebun/data=!4m7!3m6!1s0x31e4ab9bbfd28d47:0xdf7c79b184a8b112!8m2!3d1.1770479!4d109.5515555!16s%2Fg%2F11t9h4nypm!19sChIJR43Sv5ur5DERErGohLF5fN8?authuser=0&hl=en&rclk=1,,,,,,,,
VILLA UBUD RESORT,Country house,"JL Karang Bolong, Km. 133, Sawah, Bandulu, Anyer, Bandulu, Serang, Kabupaten Serang, Banten 42166 ",,"-6.1087166, 105.8828078",  Serang,https://www.google.com/maps/place/VILLA+UBUD+RESORT/data=!4m7!3m6!1s0x2e4186c94d35b535:0x5abd13e0a39daae3!8m2!3d-6.1087166!4d105.8828078!16s%2Fg%2F11bc7s3m74!19sChIJNbU1TcmGQS4R46qdo-ATvVo?authuser=0&hl=en&rclk=1,,(635),phone:tel:081286610956,,,,,
Pinus Villa Dago,,"no 41, Jl. Dago Pakar Permai II, Mekarsaluyu, Kec. Cimenyan, Kabupaten Bandung, Jawa Barat 40135 ",,"-6.8653744, 107.636997",  Bandung,https://www.google.com/maps/place/Pinus+Villa+Dago/data=!4m10!3m9!1s0x2e68e73d87940001:0x63683df3492d3445!5m2!4m1!1i2!8m2!3d-6.8653744!4d107.636997!16s%2Fg%2F11h6g4m_nx!19sChIJAQCUhz3naC4RRTQtSfM9aGM?authuser=0&hl=en&rclk=1,,(19),,,,, Free Wi-Fi available  |  Free breakfast unavailable  |  Free parking available  |  Outdoor pool available  |  Fitness center unavailable ,
Central Inn Singkawang Barat Gunung Merapi 1,,"Jl. Gn. Merapi No.1, Pasiran, Kec. Singkawang Bar., Kota Singkawang, Kalimantan Barat 79123 ",,"0.8920968, 108.9781858",  Singkawang,https://www.google.com/maps/place/Central+Inn+Singkawang+Barat+Gunung+Merapi+1/data=!4m7!3m6!1s0x2e69f7f41ed3525d:0x30ce1cee0b125d6e!8m2!3d0.8920968!4d108.9781858!16s%2Fg%2F11gxjpql8r!19sChIJXVLTHvT3aS4Rbl0SC-4czjA?authuser=0&hl=en&rclk=1,,(97),phone:tel:085248496788,,,, Free Wi-Fi available  |  Free breakfast unavailable  |  Free parking available  |  Pool unavailable  |  Air-conditioned available  |  Fitness center unavailable ,
